instance,customers,method,status,vehicles,distance,root_lp_bound,lower_bound,gap,nodes_explored,runtime_s
c101,5,branch_and_bound,optimal,1,42.41983891815495,42.41983891815495,42.41983891815495,0.0,1,0.0131976604461669
c101,5,branch_and_cut,optimal,1,42.41983891815495,42.41983891815495,42.41983891815495,0.0,1,0.0091540813446044
c101,5,gurobi_reference,optimal,1,42.41983891815495,41.217892695326086,42.41983891815495,0.0,1,0.0108435153961181
c101,5,lagrangian_relaxation,exact_subproblem,1,,41.217892695326086,42.41983891815495,,23,0.0093922615051269
c101,10,branch_and_bound,optimal,1,58.3259532733647,58.3259532733647,58.3259532733647,0.0,1,0.0222010612487792
c101,10,branch_and_cut,optimal,1,58.3259532733647,58.3259532733647,58.3259532733647,0.0,1,0.0133070945739746
c101,10,gurobi_reference,optimal,1,58.32595327336471,54.6250322473395,58.32595327336471,0.0,1,0.0156948566436767
c101,10,lagrangian_relaxation,exact_subproblem,1,,54.6250322473395,58.32595327336471,,31,0.0953011512756347
c101,25,branch_and_bound,optimal,3,191.8136197786562,191.8136197786562,191.8136197786562,0.0,1,0.0550482273101806
c101,25,branch_and_cut,optimal,3,191.8136197786562,191.8136197786562,191.8136197786562,0.0,1,0.0576732158660888
c101,25,gurobi_reference,optimal,3,191.8136197786562,139.16216819837777,191.8136197786561,0.0,2,0.0695517063140869
c101,25,lagrangian_relaxation,exact_subproblem,3,,139.16216819837777,191.8136194773884,,520,19.40721273422241
c101,50,branch_and_bound,optimal,5,363.24680041159104,362.2877829810599,363.24680041159104,0.0,9,0.9272925853729248
c101,50,branch_and_cut,optimal,5,363.24680041159104,362.2877829810599,363.24680041159104,0.0,9,0.351503849029541
c101,50,gurobi_reference,optimal,5,363.246800411591,271.69917470073165,363.2468004115909,0.0,2,0.345515489578247
c101,50,lagrangian_relaxation,exact_subproblem,5,,271.69917470073165,363.24679988125206,,1023,99.44684314727785
c101,100,branch_and_bound,optimal,10,828.9368669428344,822.1967021907215,828.8634600196161,8.855550542588456e-05,109,3.5382142066955566
c101,100,branch_and_cut,optimal,10,828.9368669428344,822.1967021907215,828.8640331736435,8.786407276044334e-05,109,4.668947458267212
c101,100,gurobi_reference,optimal,10,828.936866942834,590.6336494836431,828.936866942834,0.0,2,1.579375982284546
c101,100,lagrangian_relaxation,heuristic_subproblem,10,,590.6336494836431,777.1507876566072,,1883,600.0106766223907
c102,5,branch_and_bound,optimal,1,42.41983891815495,38.71719986982389,42.41983891815495,0.0,45,0.0654113292694091
c102,5,branch_and_cut,optimal,1,42.41983891815495,38.71719986982389,42.41983891815495,0.0,45,0.0666625499725341
c102,5,gurobi_reference,optimal,1,42.41983891815495,38.71719986982389,42.41983891815495,0.0,2,0.023505687713623
c102,5,lagrangian_relaxation,exact_subproblem,1,,38.71719986982389,42.41983891815495,,23,0.0114061832427978
c102,10,branch_and_bound,optimal,1,57.24996285655929,52.3004226341094,57.24648296079867,6.0784244862111896e-05,255,0.4053370952606201
c102,10,branch_and_cut,optimal,1,57.24996285655929,52.71534472645136,57.24996285655929,0.0,169,0.3199524879455566
c102,10,gurobi_reference,optimal,1,57.24996285655929,51.901777844375225,57.24996285655929,0.0,2,0.063596487045288
c102,10,lagrangian_relaxation,exact_subproblem,1,,51.901777844375225,56.734628786261545,,31,0.5122787952423096
c102,25,branch_and_bound,node_or_time_limit,3,193.3492482519437,173.2688396548262,188.1481082456779,0.0269002339201672,20000,48.626283168792725
c102,25,branch_and_cut,node_or_time_limit,3,191.5265268109228,175.88594412350247,188.34032136615605,0.016635844119453,20000,64.3722620010376
c102,25,gurobi_reference,optimal,3,190.7376293618508,135.44673631268475,190.7376293618508,0.0,270,0.2725358009338379
c102,25,lagrangian_relaxation,exact_subproblem,3,,135.44673631268475,190.7376292529171,,663,241.97450160980225
c102,50,branch_and_bound,node_or_time_limit,5,inf,304.86780607870605,319.0668413505841,0.0,20000,148.34593677520752
c102,50,branch_and_cut,node_or_time_limit,5,inf,311.9771028473052,347.8980040255165,0.0,20000,180.63679552078247
c102,50,gurobi_reference,optimal,5,362.1708099947856,264.6761981195454,362.1708099947856,0.0,1942,3.081805467605591
c102,50,lagrangian_relaxation,heuristic_subproblem,5,,264.6761981195454,360.1703706113877,,989,600.0077793598175
c102,100,branch_and_bound,node_or_time_limit,11,inf,730.087659540454,739.9687950904722,0.0,20000,451.9390511512756
c102,100,branch_and_cut,node_or_time_limit,11,inf,754.6649572109912,785.7310724330515,0.0,17470,600.3668403625488
c102,100,gurobi_reference,fleet_size_not_proven_optimal,11,848.936866942834,600.1234177960032,848.9368669428338,0.0,19767,147.82169103622437
c102,100,lagrangian_relaxation,heuristic_subproblem,11,,600.1234177960032,538.6683820735634,,450,600.0221121311188
c103,5,branch_and_bound,optimal,1,42.41983891815495,38.71719986982389,42.41983891815495,0.0,45,0.0649867057800293
c103,5,branch_and_cut,optimal,1,42.41983891815495,38.71719986982389,42.41983891815495,0.0,45,0.0683610439300537
c103,5,gurobi_reference,optimal,1,42.41983891815495,38.71719986982389,42.41983891815495,0.0,2,0.0163202285766601
c103,5,lagrangian_relaxation,exact_subproblem,1,,38.71719986982389,42.41983891815495,,23,0.0115270614624023
c103,10,branch_and_bound,optimal,1,57.24996285655929,52.3004226341094,57.24648296079867,6.0784244862111896e-05,255,0.4075403213500976
c103,10,branch_and_cut,optimal,1,57.24996285655929,52.71534472645136,57.24996285655929,0.0,169,0.3251345157623291
c103,10,gurobi_reference,optimal,1,57.24996285655929,51.901777844375225,57.24996285655929,0.0,2,0.0541210174560546
c103,10,lagrangian_relaxation,exact_subproblem,1,,51.901777844375225,56.734628786261545,,31,0.5334551334381104
c103,25,branch_and_bound,node_or_time_limit,3,inf,165.0190869215212,174.51248237677942,0.0,20000,56.4307222366333
c103,25,branch_and_cut,node_or_time_limit,3,inf,165.44974087209778,175.56191796282832,0.0,20000,59.99385046958923
c103,25,gurobi_reference,optimal,3,190.7376293618508,132.14666762800994,190.7376293618508,0.0,2900,0.5430779457092285
c103,25,lagrangian_relaxation,exact_subproblem,3,,132.14666762800994,190.55261237547748,,709,458.1680412292481
c103,50,branch_and_bound,node_or_time_limit,5,inf,285.9721652757547,294.9447849769941,0.0,20000,141.65232920646667
c103,50,branch_and_cut,node_or_time_limit,5,inf,288.8430493263504,303.3781534279401,0.0,20000,207.1553404331208
c103,50,gurobi_reference,optimal,5,362.1708099947856,259.4380284775572,362.1708099947856,0.0,18839,31.836265802383423
c103,50,lagrangian_relaxation,heuristic_subproblem,6,,287.60019498449,340.6952665366168,,653,600.0223455429077
c103,100,branch_and_bound,node_or_time_limit,13,inf,676.6528185125891,685.4812877961799,0.0,20000,313.1703336238861
c103,100,branch_and_cut,node_or_time_limit,13,inf,684.2520841126083,715.5259215512789,0.0,20000,588.9132170677185
c103,100,gurobi_reference,fleet_size_not_proven_optimal,12,868.428446285866,616.4907178369971,830.1135866501158,0.044119765767251,99238,601.0771207809448
c103,100,lagrangian_relaxation,heuristic_subproblem,13,,645.6345573215506,505.1459344775738,,344,600.0289444923401
c104,5,branch_and_bound,optimal,1,42.41983891815495,38.71719986982389,42.41983891815495,0.0,45,0.0705096721649169
c104,5,branch_and_cut,optimal,1,42.41983891815495,38.71719986982389,42.41983891815495,0.0,45,0.0686342716217041
c104,5,gurobi_reference,optimal,1,42.41983891815495,38.71719986982389,42.41983891815495,0.0,2,0.0156023502349853
c104,5,lagrangian_relaxation,exact_subproblem,1,,38.71719986982389,42.41983891815495,,23,0.0117189884185791
c104,10,branch_and_bound,optimal,1,56.40746619533552,52.03505856401089,56.40344601591607,7.12703422190094e-05,731,1.0841550827026367
c104,10,branch_and_cut,optimal,1,56.40746619533552,52.128431771939184,56.40249365320371,8.815397086944804e-05,369,0.6231141090393066
c104,10,gurobi_reference,optimal,1,56.40746619533552,51.901777844375225,56.40746619533552,0.0,2,0.0716416835784912
c104,10,lagrangian_relaxation,exact_subproblem,1,,51.901777844375225,56.40746619533552,,31,1.1542649269104004
c104,25,branch_and_bound,node_or_time_limit,3,inf,161.1462176317384,170.12650535557506,0.0,20000,43.67634272575378
c104,25,branch_and_cut,node_or_time_limit,3,inf,161.59356927320994,170.37680260709078,0.0,20000,57.99686646461487
c104,25,gurobi_reference,optimal,3,187.4494553850597,130.1544832596821,187.4494553850597,0.0,9746,1.0220615863800049
c104,25,lagrangian_relaxation,heuristic_subproblem,3,,130.1544832596821,186.7973720657973,,423,600.0160007476807
c104,50,branch_and_bound,node_or_time_limit,6,inf,309.0287142741661,316.87872102871887,0.0,20000,181.9287116527557
c104,50,branch_and_cut,node_or_time_limit,6,inf,309.4575054725798,317.0606186618805,0.0,20000,199.68337631225583
c104,50,gurobi_reference,time_limit,5,358.8826261338176,256.1695419662202,315.3434720182964,0.1213186455542895,394355,601.6453859806061
c104,50,lagrangian_relaxation,heuristic_subproblem,6,,284.6323650812172,272.82172847421936,,270,600.0471317768097
c104,100,branch_and_bound,node_or_time_limit,12,inf,636.2394468462371,640.8019948685916,0.0,20000,400.0137119293213
c104,100,branch_and_cut,node_or_time_limit,12,inf,638.2174486213056,658.5067425106882,0.0,19026,600.3687891960144
c104,100,gurobi_reference,fleet_size_not_proven_optimal,12,863.7458235845388,610.7606329654172,723.0976839401474,0.1628351024155494,65639,601.8682625293732
c104,100,lagrangian_relaxation,heuristic_subproblem,13,,640.2266207382945,463.01960784313616,,259,600.030797958374
c105,5,branch_and_bound,optimal,1,42.41983891815495,42.41983891815495,42.41983891815495,0.0,1,0.0084877014160156
c105,5,branch_and_cut,optimal,1,42.41983891815495,42.41983891815495,42.41983891815495,0.0,1,0.0087237358093261
c105,5,gurobi_reference,optimal,1,42.41983891815495,40.29437713139222,42.41983891815495,0.0,2,0.0122790336608886
c105,5,lagrangian_relaxation,exact_subproblem,1,,40.29437713139222,42.41983891815495,,23,0.008991003036499
c105,10,branch_and_bound,optimal,1,58.3259532733647,58.285420158732165,58.3259532733647,0.0,3,0.0173475742340087
c105,10,branch_and_cut,optimal,1,58.3259532733647,58.285420158732165,58.3259532733647,0.0,3,0.0180046558380126
c105,10,gurobi_reference,optimal,1,58.32595327336471,53.32026659866441,58.32595327336471,0.0,1,0.0172176361083984
c105,10,lagrangian_relaxation,exact_subproblem,1,,53.32026659866441,58.32595327336471,,31,0.0962007045745849
c105,25,branch_and_bound,optimal,3,191.8136197786562,191.77308666402368,191.8136197786562,0.0,3,0.086871862411499
c105,25,branch_and_cut,optimal,3,191.8136197786562,191.77308666402368,191.8136197786562,0.0,3,0.0879626274108886
c105,25,gurobi_reference,optimal,3,191.8136197786562,133.89221901854194,191.8136197786562,0.0,2,0.1153440475463867
c105,25,lagrangian_relaxation,exact_subproblem,3,,133.89221901854194,191.8136196014337,,655,29.192039012908936
c105,50,branch_and_bound,optimal,5,363.24680041159104,361.3622481808122,363.24680041159104,0.0,37,15.201389074325562
c105,50,branch_and_cut,optimal,5,363.24680041159104,361.603348143364,363.2294138577697,4.7864299979034656e-05,17,14.893986701965332
c105,50,gurobi_reference,optimal,5,363.246800411591,262.82314597227025,363.246800411591,0.0,17628,17.287659406661987
c105,50,lagrangian_relaxation,exact_subproblem,5,,262.82314597227025,362.1903885664073,,1051,134.52899312973022
c105,100,branch_and_bound,optimal,11,848.9368669428344,840.4049127104819,848.8530981186722,9.867497504720258e-05,3185,112.82265305519104
c105,100,branch_and_cut,optimal,11,848.9368669428344,840.7397885624715,848.8582795630423,9.25715242820326e-05,2423,126.0010950565338
c105,100,gurobi_reference,fleet_size_not_proven_optimal,11,848.936866942834,596.852414598014,848.936866942834,0.0,16776,121.42356324195862
c105,100,lagrangian_relaxation,heuristic_subproblem,12,,625.705131127572,727.7933207465998,,1702,600.0102150440216
c106,5,branch_and_bound,optimal,1,42.41983891815495,42.41983891815495,42.41983891815495,0.0,1,0.0087685585021972
c106,5,branch_and_cut,optimal,1,42.41983891815495,42.41983891815495,42.41983891815495,0.0,1,0.0090548992156982
c106,5,gurobi_reference,optimal,1,42.41983891815495,40.60918658264991,42.41983891815495,0.0,1,0.010805606842041
c106,5,lagrangian_relaxation,exact_subproblem,1,,40.60918658264991,42.41983891815495,,23,0.0097641944885253
c106,10,branch_and_bound,optimal,1,58.3259532733647,58.3259532733647,58.3259532733647,0.0,1,0.0131313800811767
c106,10,branch_and_cut,optimal,1,58.3259532733647,58.3259532733647,58.3259532733647,0.0,1,0.0131292343139648
c106,10,gurobi_reference,optimal,1,58.32595327336471,53.746973244277,58.32595327336471,0.0,1,0.0158932209014892
c106,10,lagrangian_relaxation,exact_subproblem,1,,53.746973244277,58.32595327336471,,31,0.0944054126739502
c106,25,branch_and_bound,optimal,3,191.8136197786562,191.8136197786562,191.8136197786562,0.0,1,0.0681989192962646
c106,25,branch_and_cut,optimal,3,191.8136197786562,191.8136197786562,191.8136197786562,0.0,1,0.0701510906219482
c106,25,gurobi_reference,optimal,3,191.8136197786562,138.3767623266858,191.8136197786562,0.0,2,0.0859274864196777
c106,25,lagrangian_relaxation,exact_subproblem,3,,138.3767623266858,191.8136194686041,,610,24.088513612747192
c106,50,branch_and_bound,optimal,5,363.24680041159104,361.5687994954584,363.24680041159104,0.0,23,1.746023654937744
c106,50,branch_and_cut,optimal,5,363.24680041159104,361.6952921559148,363.24680041159104,0.0,15,1.7422702312469482
c106,50,gurobi_reference,optimal,5,363.246800411591,266.3796986086949,363.246800411591,0.0,2,1.5262432098388672
c106,50,lagrangian_relaxation,exact_subproblem,5,,266.3796986086949,362.1903885664073,,1051,120.39893913269044
c106,100,branch_and_bound,node_or_time_limit,12,inf,762.0479128953823,793.8324003513487,0.0,20000,420.7819316387177
c106,100,branch_and_cut,node_or_time_limit,12,inf,783.4430139027087,822.0966168306712,0.0,19330,600.3879940509796
c106,100,gurobi_reference,fleet_size_not_proven_optimal,12,869.300431030616,623.7572692844134,869.300431030616,0.0,13931,122.05781841278076
c106,100,lagrangian_relaxation,heuristic_subproblem,12,,623.7572692844134,692.5859474213798,,1432,600.0148553848267
c107,5,branch_and_bound,optimal,1,42.41983891815495,42.41983891815495,42.41983891815495,0.0,1,0.0080311298370361
c107,5,branch_and_cut,optimal,1,42.41983891815495,42.41983891815495,42.41983891815495,0.0,1,0.0080792903900146
c107,5,gurobi_reference,optimal,1,42.41983891815495,39.85243711630016,42.419838918154944,0.0,2,0.010857343673706
c107,5,lagrangian_relaxation,exact_subproblem,1,,39.85243711630016,42.41983891815495,,23,0.0086617469787597
c107,10,branch_and_bound,optimal,1,58.3259532733647,58.28202998094581,58.3259532733647,0.0,3,0.017125129699707
c107,10,branch_and_cut,optimal,1,58.3259532733647,58.28202998094581,58.3259532733647,0.0,3,0.017749547958374
c107,10,gurobi_reference,optimal,1,58.32595327336471,52.55140501451104,58.32595327336471,0.0,1,0.0199337005615234
c107,10,lagrangian_relaxation,exact_subproblem,1,,52.55140501451104,58.32595327336471,,31,0.0923762321472168
c107,25,branch_and_bound,optimal,3,191.8136197786562,191.7696964862373,191.8136197786562,0.0,3,0.1013002395629882
c107,25,branch_and_cut,optimal,3,191.8136197786562,191.7696964862373,191.8136197786562,0.0,3,0.0974297523498535
c107,25,gurobi_reference,optimal,3,191.8136197786562,132.31443959849318,191.8136197786562,0.0,2,0.1110198497772216
c107,25,lagrangian_relaxation,exact_subproblem,3,,132.31443959849318,191.51274215063657,,717,35.43658804893494
c107,50,branch_and_bound,optimal,5,363.24680041159104,361.2144611216612,363.23434917743657,3.427761549547122e-05,51,39.87143015861511
c107,50,branch_and_cut,optimal,5,363.24680041159104,361.5223921280804,363.24680041159104,0.0,29,39.69991612434387
c107,50,gurobi_reference,optimal,5,363.246800411591,260.32698371733125,363.2468004115909,0.0,16075,27.81332325935364
c107,50,lagrangian_relaxation,exact_subproblem,6,,288.6523756052701,362.17849384061856,,1204,170.490403175354
c107,100,branch_and_bound,optimal,12,869.3004310306164,860.625079807027,869.2135028519245,9.999785527407644e-05,10069,205.1101722717285
c107,100,branch_and_cut,optimal,12,869.3004310306164,860.9355121661707,869.2139076868768,9.95321532706714e-05,4671,185.30302929878235
c107,100,gurobi_reference,fleet_size_not_proven_optimal,12,869.300431030616,619.9378123448482,869.3004310306159,0.0,15109,121.93113350868224
c107,100,lagrangian_relaxation,heuristic_subproblem,12,,619.9378123448482,713.062473450533,,1590,600.0004065036774
c108,5,branch_and_bound,optimal,1,42.41983891815495,40.97905739557205,42.41983891815495,0.0,9,0.0186550617218017
c108,5,branch_and_cut,optimal,1,42.41983891815495,41.12132156876643,42.41983891815495,0.0,5,0.0157947540283203
c108,5,gurobi_reference,optimal,1,42.41983891815495,39.50680886495136,42.41983891815495,0.0,1,0.0106604099273681
c108,5,lagrangian_relaxation,exact_subproblem,1,,39.50680886495136,42.41983891815495,,23,0.0098137855529785
c108,10,branch_and_bound,optimal,1,57.49752614861851,54.60582389095307,57.49752614861851,0.0,27,0.0549626350402832
c108,10,branch_and_cut,optimal,1,57.49752614861851,54.87913448698448,57.49752614861851,0.0,45,0.0934033393859863
c108,10,gurobi_reference,optimal,1,57.49752614861852,52.47956364068207,57.49752614861851,0.0,2,0.0236144065856933
c108,10,lagrangian_relaxation,exact_subproblem,1,,52.47956364068207,57.497526148618526,,30,0.1350257396697998
c108,25,branch_and_bound,node_or_time_limit,3,inf,138.9203662190438,174.2366154213147,0.0,20000,54.4418568611145
c108,25,branch_and_cut,node_or_time_limit,3,inf,151.42925439016815,184.917547741728,0.0,20000,61.57319808006287
c108,25,gurobi_reference,optimal,3,191.8136197786562,131.896203488832,191.8136197786562,0.0,2,0.2438352108001709
c108,25,lagrangian_relaxation,exact_subproblem,3,,131.896203488832,191.51274215063657,,717,78.22308111190796
c108,50,branch_and_bound,node_or_time_limit,6,inf,300.08685916202626,323.9660088192198,0.0,20000,159.8584544658661
c108,50,branch_and_cut,node_or_time_limit,6,inf,313.0355880460414,346.919094397308,0.0,20000,220.13768434524536
c108,50,gurobi_reference,fleet_size_not_proven_optimal,6,383.246800411591,287.76404613184155,383.2468004115909,0.0,151874,123.97175121307372
c108,50,lagrangian_relaxation,exact_subproblem,6,,287.76404613184155,362.17849384061856,,1204,306.1623125076294
c108,100,branch_and_bound,node_or_time_limit,13,inf,679.9362859682362,698.3487693627513,0.0,20000,350.17953991889954
c108,100,branch_and_cut,node_or_time_limit,13,inf,714.0375708588691,749.4500840307749,0.0,17196,600.3640418052673
c108,100,gurobi_reference,fleet_size_not_proven_optimal,12,869.300431030616,616.7837032800038,869.3004310306158,0.0,12063,127.68198871612547
c108,100,lagrangian_relaxation,heuristic_subproblem,13,,646.5123019142178,641.5934323684979,,1097,600.0150442123413
c109,5,branch_and_bound,optimal,1,42.41983891815495,40.45298415909468,42.41983891815495,0.0,9,0.0176563262939453
c109,5,branch_and_cut,optimal,1,42.41983891815495,40.45298415909468,42.41983891815495,0.0,7,0.0164000988006591
c109,5,gurobi_reference,optimal,1,42.41983891815495,39.14399747286825,42.41983891815495,0.0,2,0.0111889839172363
c109,5,lagrangian_relaxation,exact_subproblem,1,,39.14399747286825,42.41983891815495,,23,0.0091328620910644
c109,10,branch_and_bound,optimal,1,57.49752614861851,53.521947310743,57.49752614861851,0.0,179,0.282038927078247
c109,10,branch_and_cut,optimal,1,57.49752614861851,53.521947310743,57.49752614861851,0.0,85,0.1763453483581543
c109,10,gurobi_reference,optimal,1,57.49752614861852,52.11560256297496,57.49752614861852,0.0,2,0.0240669250488281
c109,10,lagrangian_relaxation,exact_subproblem,1,,52.11560256297496,57.497526148618526,,30,0.1617562770843505
c109,25,branch_and_bound,node_or_time_limit,3,inf,132.40253314856776,151.93762204511637,0.0,20000,45.692917823791504
c109,25,branch_and_cut,node_or_time_limit,3,inf,132.8639316235981,162.65845899836913,0.0,20000,65.53201627731323
c109,25,gurobi_reference,optimal,3,191.8136197786562,131.12739799914957,191.8136197786562,0.0,542,0.6930482387542725
c109,25,lagrangian_relaxation,exact_subproblem,3,,131.12739799914957,191.4815160385896,,673,121.83715415000916
c109,50,branch_and_bound,node_or_time_limit,6,inf,287.57686271932647,296.624924837144,0.0,20000,159.1303210258484
c109,50,branch_and_cut,node_or_time_limit,6,inf,288.3209632880778,312.03072842479725,0.0,20000,218.62096190452576
c109,50,gurobi_reference,fleet_size_not_proven_optimal,6,383.246800411591,286.3507976685896,383.2468004115909,0.0,119393,138.55628490447998
c109,50,lagrangian_relaxation,heuristic_subproblem,6,,286.3507976685896,361.2883653707003,,1232,600.0059518814087
c109,100,branch_and_bound,node_or_time_limit,13,inf,658.2145629649925,667.1073635495586,0.0,20000,323.55120754241943
c109,100,branch_and_cut,node_or_time_limit,13,inf,661.8040575201186,697.83237540132,0.0,18782,600.3737096786499
c109,100,gurobi_reference,fleet_size_not_proven_optimal,13,891.4659548761862,643.0891272398707,862.1572999700519,0.0328769200279834,65284,601.8499841690063
c109,100,lagrangian_relaxation,heuristic_subproblem,13,,643.0891272398707,594.5804076183344,,810,600.0176794528961
c201,5,branch_and_bound,optimal,1,70.44597512719545,70.44597512719545,70.44597512719545,0.0,1,0.0088975429534912
c201,5,branch_and_cut,optimal,1,70.44597512719545,70.44597512719545,70.44597512719545,0.0,1,0.0092530250549316
c201,5,gurobi_reference,optimal,1,70.44597512719547,62.57467822166426,70.44597512719547,0.0,1,0.0104055404663085
c201,5,lagrangian_relaxation,exact_subproblem,1,,62.57467822166426,70.44597512719548,,37,0.0100781917572021
c201,10,branch_and_bound,optimal,1,194.66481471966767,194.66481471966767,194.66481471966767,0.0,1,0.0125432014465332
c201,10,branch_and_cut,optimal,1,194.66481471966767,194.66481471966767,194.66481471966767,0.0,1,0.0130324363708496
c201,10,gurobi_reference,optimal,1,194.66481471966765,114.49519787017144,194.66481471966765,0.0,1,0.015289306640625
c201,10,lagrangian_relaxation,exact_subproblem,1,,114.49519787017144,194.66481471966767,,123,0.0813925266265869
c201,25,branch_and_bound,optimal,2,215.54256527689373,215.54256527689373,215.54256527689373,0.0,1,0.0637896060943603
c201,25,branch_and_cut,optimal,2,215.54256527689373,215.54256527689373,215.54256527689373,0.0,1,0.0639636516571044
c201,25,gurobi_reference,optimal,2,215.54256527689373,184.46685902482588,215.54256527689373,0.0,2,0.095322847366333
c201,25,lagrangian_relaxation,exact_subproblem,2,,184.46685902482588,215.54256461228687,,443,4.304026126861572
c201,50,branch_and_bound,optimal,2,444.9609742014616,437.5679581835007,444.9609742014616,0.0,13,0.4094979763031006
c201,50,branch_and_cut,optimal,2,444.9609742014616,440.733361647544,444.9609742014616,0.0,5,0.3683407306671142
c201,50,gurobi_reference,optimal,2,444.9609742014613,298.6807465198724,444.9609742014613,0.0,2,0.4721636772155761
c201,50,lagrangian_relaxation,exact_subproblem,2,,298.6807465198724,360.2747191363948,,922,132.61338543891907
c201,100,branch_and_bound,optimal,3,591.5565566715017,591.5565566715017,591.5565566715017,0.0,1,23.1211805343628
c201,100,branch_and_cut,optimal,3,591.5565566715017,591.5565566715017,591.5565566715017,0.0,1,22.479356050491333
c201,100,gurobi_reference,optimal,3,591.5565566715014,533.5536971842968,591.5565566715013,0.0,10610,48.204394817352295
c201,100,lagrangian_relaxation,heuristic_subproblem,4,,551.2205715875881,585.8195881296554,,536,600.0833523273468
c202,5,branch_and_bound,optimal,1,70.44597512719547,55.9462059134418,70.44597512719547,0.0,75,0.1040492057800293
c202,5,branch_and_cut,optimal,1,70.44597512719547,55.9462059134418,70.44597512719547,0.0,75,0.1130681037902832
c202,5,gurobi_reference,optimal,1,70.44597512719547,55.9462059134418,70.44597512719547,0.0,2,0.0135769844055175
c202,5,lagrangian_relaxation,exact_subproblem,1,,55.9462059134418,70.44597512719548,,37,0.0105476379394531
c202,10,branch_and_bound,optimal,1,144.98724348640485,116.27411724569966,144.98316526166593,2.812816245659047e-05,2443,3.529512882232666
c202,10,branch_and_cut,optimal,1,144.98724348640485,116.27411724569966,144.98724348640485,0.0,1977,3.1139817237854004
c202,10,gurobi_reference,optimal,1,144.98724348640482,111.26170341613968,144.98724348640482,0.0,634,0.0930421352386474
c202,10,lagrangian_relaxation,exact_subproblem,1,,111.26170341613968,144.98724348640485,,77,0.1402204036712646
c202,25,branch_and_bound,node_or_time_limit,1,inf,175.99856421114146,208.1354271401111,0.0,20000,47.001747846603394
c202,25,branch_and_cut,node_or_time_limit,1,243.2900898447365,178.33351369199897,213.0740329328069,0.1241976478828748,20000,62.006049156188965
c202,25,gurobi_reference,optimal,1,223.31007254153727,163.58426591830323,223.31007254153727,0.0,977,0.3684501647949219
c202,25,lagrangian_relaxation,exact_subproblem,1,,163.58426591830323,220.5661483718004,,124,17.890785217285156
c202,50,branch_and_bound,node_or_time_limit,2,inf,319.9490707435333,335.6048499279155,0.0,20000,133.14963030815125
c202,50,branch_and_cut,node_or_time_limit,2,inf,322.5249965286218,346.21747266636515,0.0,20000,182.85787057876587
c202,50,gurobi_reference,optimal,2,403.8066262656421,293.5983550259244,403.8066262656421,0.0,163908,124.7311224937439
c202,50,lagrangian_relaxation,heuristic_subproblem,2,,293.5983550259244,357.1501131183283,,610,600.0078408718109
c202,100,branch_and_bound,node_or_time_limit,5,inf,596.4778259869081,614.1086210364476,0.0,20000,487.8124430179596
c202,100,branch_and_cut,node_or_time_limit,5,inf,608.8326111618369,622.2582815271746,0.0,19057,600.3861329555511
c202,100,gurobi_reference,fleet_size_not_proven_optimal,5,625.5842722436099,561.1247680264969,625.5842722436099,0.0,10687,122.05483555793762
c202,100,lagrangian_relaxation,heuristic_subproblem,6,,580.881540457096,564.8341013824853,,420,600.0353517532349
c203,5,branch_and_bound,optimal,1,70.44597512719547,55.9462059134418,70.44597512719547,0.0,75,0.1031160354614257
c203,5,branch_and_cut,optimal,1,70.44597512719547,55.9462059134418,70.44597512719547,0.0,75,0.1076793670654296
c203,5,gurobi_reference,optimal,1,70.44597512719547,55.9462059134418,70.44597512719547,0.0,2,0.0131905078887939
c203,5,lagrangian_relaxation,exact_subproblem,1,,55.9462059134418,70.44597512719548,,37,0.0106513500213623
c203,10,branch_and_bound,optimal,1,144.98724348640485,116.27411724569966,144.98316526166593,2.812816245659047e-05,2443,3.518705129623413
c203,10,branch_and_cut,optimal,1,144.98724348640485,116.27411724569966,144.98724348640485,0.0,1977,3.129036664962769
c203,10,gurobi_reference,optimal,1,144.98724348640482,111.26170341613968,144.98724348640482,0.0,634,0.0938489437103271
c203,10,lagrangian_relaxation,exact_subproblem,1,,111.26170341613968,144.98724348640485,,77,0.1393337249755859
c203,25,branch_and_bound,node_or_time_limit,1,inf,170.26170675417077,185.6094030951534,0.0,20000,57.454256772995
c203,25,branch_and_cut,node_or_time_limit,1,inf,172.33263490679772,187.60146215858907,0.0,20000,60.24197006225586
c203,25,gurobi_reference,optimal,1,223.31007254153727,160.66164723554263,223.31007254153727,0.0,10228,1.4824049472808838
c203,25,lagrangian_relaxation,exact_subproblem,1,,160.66164723554263,216.940733419227,,122,45.77804350852966
c203,50,branch_and_bound,node_or_time_limit,3,inf,319.58825091234024,337.4898298949354,0.0,20000,153.789137840271
c203,50,branch_and_cut,node_or_time_limit,3,inf,326.4550093384558,340.5682260838542,0.0,20000,209.92173290252688
c203,50,gurobi_reference,fleet_size_not_proven_optimal,3,361.4133920775741,308.34074842483056,361.4133920775741,0.0,76961,128.24219250679016
c203,50,lagrangian_relaxation,heuristic_subproblem,3,,308.34074842483056,343.25933281120086,,390,600.0086193084717
c203,100,branch_and_bound,node_or_time_limit,5,inf,573.9023842276207,580.9168611619402,0.0,20000,587.1504166126251
c203,100,branch_and_cut,node_or_time_limit,5,inf,581.9890921875118,591.5954582302347,0.0,17536,600.3619256019592
c203,100,gurobi_reference,fleet_size_not_proven_optimal,5,622.5205643346623,556.8135270009999,622.5205643346621,0.0,13332,126.63384985923769
c203,100,lagrangian_relaxation,heuristic_subproblem,7,,600.512722001515,539.1748448171581,,338,600.0837693214417
c204,5,branch_and_bound,optimal,1,70.44597512719547,55.9462059134418,70.44597512719547,0.0,75,0.1038961410522461
c204,5,branch_and_cut,optimal,1,70.44597512719547,55.9462059134418,70.44597512719547,0.0,75,0.1084053516387939
c204,5,gurobi_reference,optimal,1,70.44597512719547,55.9462059134418,70.44597512719547,0.0,2,0.013047456741333
c204,5,lagrangian_relaxation,exact_subproblem,1,,55.9462059134418,70.44597512719548,,37,0.0117952823638916
c204,10,branch_and_bound,optimal,1,133.133975442525,111.28909986114655,133.12407080016973,7.439605346688208e-05,2679,3.943301200866699
c204,10,branch_and_cut,optimal,1,133.133975442525,113.2565367412092,133.1208494033758,9.859270787639196e-05,1811,2.9212453365325928
c204,10,gurobi_reference,optimal,1,133.133975442525,111.26170341613972,133.133975442525,0.0,193,0.0889606475830078
c204,10,lagrangian_relaxation,exact_subproblem,1,,111.26170341613972,133.133975442525,,69,0.1353156566619873
c204,25,branch_and_bound,node_or_time_limit,1,inf,166.1691982156865,179.50834919115803,0.0,20000,56.7855327129364
c204,25,branch_and_cut,node_or_time_limit,1,inf,166.8082929834213,180.71619201346368,0.0,20000,61.55697798728943
c204,25,gurobi_reference,optimal,1,213.9300683271624,159.10162400137872,213.9300683271624,0.0,117185,20.43482708930969
c204,25,lagrangian_relaxation,exact_subproblem,1,,159.10162400137872,203.3239368678877,,121,260.2016944885254
c204,50,branch_and_bound,node_or_time_limit,3,inf,307.9675363075579,320.99080292398673,0.0,20000,236.7198905944824
c204,50,branch_and_cut,node_or_time_limit,3,inf,307.9675363075579,321.03551516540267,0.0,20000,258.2281951904297
c204,50,gurobi_reference,time_limit,2,351.71728881591974,286.72899958145325,341.73973716261526,0.0283681012295261,403266,601.2581007480621
c204,50,lagrangian_relaxation,heuristic_subproblem,3,,304.3782701822046,303.8419072864496,,209,600.0449759960175
c204,100,branch_and_bound,node_or_time_limit,5,inf,557.0651905910022,563.0688598562051,0.0,20000,584.0566277503967
c204,100,branch_and_cut,node_or_time_limit,5,inf,557.6314752889091,565.9459140473696,0.0,13320,600.4037022590637
c204,100,gurobi_reference,fleet_size_not_proven_optimal,5,621.9458670506538,551.3261358661422,621.9458670506538,0.0,22136,149.2593972682953
c204,100,lagrangian_relaxation,heuristic_subproblem,5,,551.3261358661422,511.5123747587487,,279,600.1045360565186
c205,5,branch_and_bound,optimal,1,70.44597512719545,60.62244821620975,70.44597512719545,0.0,7,0.0163156986236572
c205,5,branch_and_cut,optimal,1,70.44597512719545,60.62244821620975,70.44597512719545,0.0,7,0.0183467864990234
c205,5,gurobi_reference,optimal,1,70.44597512719547,59.92097071739075,70.44597512719547,0.0,1,0.0105559825897216
c205,5,lagrangian_relaxation,exact_subproblem,1,,59.92097071739075,70.44597512719548,,37,0.009974718093872
c205,10,branch_and_bound,optimal,1,192.7809356679452,123.56425772996458,192.7809356679452,0.0,137,0.201786994934082
c205,10,branch_and_cut,optimal,1,192.7809356679452,131.79002645440133,192.7809356679452,0.0,75,0.1190295219421386
c205,10,gurobi_reference,optimal,1,192.7809356679452,112.95114671045192,192.7809356679452,0.0,2,0.0199415683746337
c205,10,lagrangian_relaxation,exact_subproblem,1,,112.95114671045192,192.7809356679452,,121,0.1126630306243896
c205,25,branch_and_bound,node_or_time_limit,1,inf,181.9350148323008,247.31314047228747,0.0,20000,43.53736639022827
c205,25,branch_and_cut,node_or_time_limit,1,300.1621337020306,191.2470824540308,282.8169106561863,0.0577861798619236,20000,52.93924164772034
c205,25,gurobi_reference,optimal,1,297.45301465904885,162.0625125104035,297.45301465904885,0.0,2,0.1569650173187255
c205,25,lagrangian_relaxation,exact_subproblem,1,,162.0625125104035,297.4530146590489,,198,7.453950643539429
c205,50,branch_and_bound,node_or_time_limit,2,inf,316.66702261812867,343.2633672927199,0.0,20000,140.01230192184448
c205,50,branch_and_cut,node_or_time_limit,2,inf,320.9503675822671,353.5993617935753,0.0,20000,161.87243604660034
c205,50,gurobi_reference,optimal,2,428.7351307343013,291.83988556903654,428.73513073430126,0.0,5211,5.51185941696167
c205,50,lagrangian_relaxation,exact_subproblem,2,,291.83988556903654,360.5084935504572,,928,205.7979960441589
c205,100,branch_and_bound,node_or_time_limit,4,inf,565.6104468158263,577.4373979379983,0.0,20000,541.4449467658997
c205,100,branch_and_cut,node_or_time_limit,4,inf,569.294840483928,589.2456795400858,0.0,18574,600.3634307384491
c205,100,gurobi_reference,fleet_size_not_proven_optimal,4,605.2549198550806,540.2474107286812,605.2549198550805,0.0,21953,122.11923670768738
c205,100,lagrangian_relaxation,heuristic_subproblem,4,,540.2474107286812,576.5263320398244,,438,600.0064632892609
c206,5,branch_and_bound,optimal,1,70.44597512719545,59.678374634916175,70.44597512719545,0.0,9,0.0185756683349609
c206,5,branch_and_cut,optimal,1,70.44597512719545,59.678374634916175,70.44597512719545,0.0,9,0.0208806991577148
c206,5,gurobi_reference,optimal,1,70.44597512719547,59.18461252573787,70.44597512719545,0.0,2,0.011925458908081
c206,5,lagrangian_relaxation,exact_subproblem,1,,59.18461252573787,70.44597512719548,,37,0.0107157230377197
c206,10,branch_and_bound,optimal,1,170.68444177904453,117.17957227268155,170.68444177904453,0.0,377,0.5465667247772217
c206,10,branch_and_cut,optimal,1,170.68444177904453,117.17957227268155,170.68444177904453,0.0,177,0.2909276485443115
c206,10,gurobi_reference,optimal,1,170.68444177904456,112.61590455270762,170.68444177904453,0.0,2,0.0259623527526855
c206,10,lagrangian_relaxation,exact_subproblem,1,,112.61590455270762,170.68444177904453,,100,0.1078531742095947
c206,25,branch_and_bound,node_or_time_limit,1,inf,174.16254915130634,200.05704249413685,0.0,20000,46.1494779586792
c206,25,branch_and_cut,node_or_time_limit,1,inf,175.54521836911752,209.666258631018,0.0,20000,59.17365837097168
c206,25,gurobi_reference,optimal,1,285.39400725392,161.0172498391385,285.39400725392,0.0,975,0.6888766288757324
c206,25,lagrangian_relaxation,exact_subproblem,1,,161.0172498391385,274.6179580732784,,219,20.3700692653656
c206,50,branch_and_bound,node_or_time_limit,2,inf,314.0412685640617,332.3519536098534,0.0,20000,121.53935122489928
c206,50,branch_and_cut,node_or_time_limit,2,inf,314.0412685640617,336.3893769041487,0.0,20000,155.1686885356903
c206,50,gurobi_reference,optimal,2,409.6119082569065,290.0670084799473,409.6119082569065,0.0,52328,28.415255784988403
c206,50,lagrangian_relaxation,exact_subproblem,2,,290.0670084799473,360.98849355045706,,942,263.76173663139343
c206,100,branch_and_bound,node_or_time_limit,4,inf,560.6259455850835,570.8650009346192,0.0,20000,489.9121603965759
c206,100,branch_and_cut,node_or_time_limit,4,inf,561.8752352431849,572.498314759045,0.0,18472,600.3784885406494
c206,100,gurobi_reference,fleet_size_not_proven_optimal,4,604.8718059642107,537.6294465475485,604.8718059642107,0.0,13938,122.68769431114195
c206,100,lagrangian_relaxation,heuristic_subproblem,5,,556.1407061802183,568.0543291529925,,399,600.0562303066254
c207,5,branch_and_bound,optimal,1,70.44597512719545,62.25642583611906,70.44597512719545,0.0,5,0.0137262344360351
c207,5,branch_and_cut,optimal,1,70.44597512719545,62.25642583611906,70.44597512719545,0.0,5,0.0136947631835937
c207,5,gurobi_reference,optimal,1,70.44597512719547,61.6510185392467,70.44597512719547,0.0,1,0.0101253986358642
c207,5,lagrangian_relaxation,exact_subproblem,1,,61.6510185392467,70.44597512719548,,37,0.0101668834686279
c207,10,branch_and_bound,optimal,1,170.68444177904453,143.4383044559146,170.68444177904453,0.0,45,0.0812547206878662
c207,10,branch_and_cut,optimal,1,170.68444177904453,148.03712103751275,170.68444177904453,0.0,33,0.0627422332763671
c207,10,gurobi_reference,optimal,1,170.68444177904456,113.72196463609195,170.68444177904453,0.0,2,0.0212411880493164
c207,10,lagrangian_relaxation,exact_subproblem,1,,113.72196463609195,170.68444177904453,,100,0.0918965339660644
c207,25,branch_and_bound,node_or_time_limit,1,inf,172.3302848921529,204.13723100260583,0.0,20000,46.77455115318298
c207,25,branch_and_cut,node_or_time_limit,1,inf,173.25958081382294,200.6379366620961,0.0,20000,58.28176999092102
c207,25,gurobi_reference,optimal,1,274.77703187454057,161.5998285736864,274.7770318745405,0.0,20143,2.1150457859039307
c207,25,lagrangian_relaxation,exact_subproblem,1,,161.5998285736864,266.7033176230817,,180,107.44707036018372
c207,50,branch_and_bound,node_or_time_limit,2,inf,316.859532814678,336.12870367760763,0.0,20000,104.8905544281006
c207,50,branch_and_cut,node_or_time_limit,2,inf,317.764716441285,336.88716882899854,0.0,20000,149.30449104309082
c207,50,gurobi_reference,time_limit,2,398.33466551173785,290.45298517026964,380.4589557419833,0.0448761087534015,990987,601.155161857605
c207,50,lagrangian_relaxation,heuristic_subproblem,2,,290.45298517026964,361.9458084456456,,559,600.0159423351288
c207,100,branch_and_bound,node_or_time_limit,5,inf,579.1170705782481,589.0963124652659,0.0,20000,577.501859664917
c207,100,branch_and_cut,node_or_time_limit,5,inf,581.1237813959633,592.8636576938572,0.0,19714,600.3787181377411
c207,100,gurobi_reference,fleet_size_not_proven_optimal,5,622.332231957758,556.3561771826255,622.332231957758,0.0,10715,124.12489771842957
c207,100,lagrangian_relaxation,heuristic_subproblem,5,,556.3561771826255,559.6613715614072,,361,600.1164221763611
c208,5,branch_and_bound,optimal,1,70.44597512719545,58.47871299004794,70.44597512719545,0.0,9,0.0188202857971191
c208,5,branch_and_cut,optimal,1,70.44597512719545,58.47871299004794,70.44597512719545,0.0,9,0.0191483497619628
c208,5,gurobi_reference,optimal,1,70.44597512719547,57.89499079071318,70.44597512719545,0.0,2,0.0115821361541748
c208,5,lagrangian_relaxation,exact_subproblem,1,,57.89499079071318,70.44597512719548,,37,0.0102167129516601
c208,10,branch_and_bound,optimal,1,146.36958026332258,117.17957227268155,146.36958026332258,0.0,177,0.2670726776123047
c208,10,branch_and_cut,optimal,1,146.36958026332258,117.17957227268155,146.36958026332258,0.0,177,0.2804019451141357
c208,10,gurobi_reference,optimal,1,146.36958026332258,111.82375818064578,146.36958026332258,0.0,2,0.0472164154052734
c208,10,lagrangian_relaxation,exact_subproblem,1,,111.82375818064578,146.3695802633226,,75,0.0596258640289306
c208,25,branch_and_bound,node_or_time_limit,1,inf,167.93756545304134,188.9721601641406,0.0,20000,62.08447480201721
c208,25,branch_and_cut,node_or_time_limit,1,inf,168.11812012990967,191.02144999159407,0.0,20000,62.07797145843506
c208,25,gurobi_reference,optimal,1,229.83657924014744,159.58251089304346,229.83657924014744,0.0,9000,0.7818446159362793
c208,25,lagrangian_relaxation,exact_subproblem,1,,159.58251089304346,229.83657924014744,,127,3.5696122646331787
c208,50,branch_and_bound,node_or_time_limit,2,inf,311.4088376576353,325.8476782411586,0.0,20000,148.04138469696045
c208,50,branch_and_cut,node_or_time_limit,2,inf,312.4238447656599,326.35064565951865,0.0,20000,158.19363713264465
c208,50,gurobi_reference,optimal,2,352.1229549261869,288.45253600604906,352.1229549261868,0.0,2,3.0033745765686035
c208,50,lagrangian_relaxation,exact_subproblem,2,,288.45253600604906,352.1229545288275,,485,205.66977095603943
c208,100,branch_and_bound,node_or_time_limit,4,inf,554.672708050712,562.9476468169889,0.0,20000,572.9318733215332
c208,100,branch_and_cut,node_or_time_limit,4,inf,556.1907609260612,565.9335631636445,0.0,14402,600.4030151367188
c208,100,gurobi_reference,fleet_size_not_proven_optimal,4,604.702757859056,535.4050944323019,604.7027578590559,0.0,5834,127.25616216659546
c208,100,lagrangian_relaxation,heuristic_subproblem,5,,553.9395659818988,561.5404330673588,,368,600.066282749176
r101,5,branch_and_bound,optimal,2,156.3510612611215,156.3510612611215,156.3510612611215,0.0,1,0.0062794685363769
r101,5,branch_and_cut,optimal,2,156.3510612611215,156.3510612611215,156.3510612611215,0.0,1,0.0087606906890869
r101,5,gurobi_reference,optimal,2,156.3510612611215,136.66673172490474,156.3510612611215,0.0,0,0.0094408988952636
r101,5,lagrangian_relaxation,exact_subproblem,2,,136.66673172490474,156.3510605224989,,334,0.0193495750427246
r101,10,branch_and_bound,optimal,4,269.533140900765,265.57258975763733,269.533140900765,0.0,5,0.0183343887329101
r101,10,branch_and_cut,optimal,4,269.533140900765,267.19276112032315,269.533140900765,0.0,5,0.0202589035034179
r101,10,gurobi_reference,optimal,4,269.533140900765,245.9712559422429,269.533140900765,0.0,2,0.0168213844299316
r101,10,lagrangian_relaxation,exact_subproblem,4,,245.9712559422429,261.3023188771932,,658,0.1365923881530761
r101,25,branch_and_bound,optimal,8,618.3299155462687,618.3299155462687,618.3299155462687,0.0,1,0.053272008895874
r101,25,branch_and_cut,optimal,8,618.3299155462687,618.3299155462687,618.3299155462687,0.0,1,0.0550317764282226
r101,25,gurobi_reference,optimal,8,618.3299155462687,496.8192437858247,618.3299155462686,0.0,2,0.0634286403656005
r101,25,lagrangian_relaxation,exact_subproblem,8,,496.8192437858247,566.3567714171222,,4631,9.089045286178589
r101,50,branch_and_bound,optimal,11,1100.7190971678588,1044.0202253216664,1100.7190971678583,2.0656830251084283e-16,254,0.9412286281585692
r101,50,branch_and_cut,optimal,11,1100.7190971678588,1094.062427764643,1100.7190971678583,2.0656830251084283e-16,4,0.2636537551879883
r101,50,gurobi_reference,optimal,11,1100.7190971678583,678.6101694515922,1100.7190971678583,0.0,2,0.2488608360290527
r101,50,lagrangian_relaxation,exact_subproblem,11,,678.6101694515922,992.5867208571098,,5225,100.68027305603027
r101,100,branch_and_bound,node_or_time_limit,19,1653.7320351971518,1617.5642273805556,1639.6794564220882,0.008497494440439,20000,228.4278643131256
r101,100,branch_and_cut,node_or_time_limit,19,1650.7992395710685,1623.8072272624966,1648.402231070213,0.0014520290798522,20000,380.3923585414887
r101,100,gurobi_reference,optimal,19,1650.7992395710685,1008.0880780615234,1650.7992395710685,0.0,2,1.1973693370819092
r101,100,lagrangian_relaxation,heuristic_subproblem,19,,1008.0880780615234,1380.8610788915723,,3843,600.0038595199585
r102,5,branch_and_bound,optimal,1,130.60198069901526,113.5034820527973,130.60198069901526,0.0,55,0.0778884887695312
r102,5,branch_and_cut,optimal,1,130.60198069901526,113.9956592690919,130.60198069901526,0.0,27,0.0492503643035888
r102,5,gurobi_reference,optimal,1,130.60198069901526,113.5034820527973,130.60198069901526,0.0,2,0.0131697654724121
r102,5,lagrangian_relaxation,exact_subproblem,1,,113.5034820527973,130.60198069901526,,67,0.0094556808471679
r102,10,branch_and_bound,optimal,3,229.76853317906043,207.626244175772,229.7473704901585,9.210438265447522e-05,1853,3.0180673599243164
r102,10,branch_and_cut,optimal,3,229.76853317906043,207.6402324438572,229.74631150409,9.67133082281097e-05,943,1.9604580402374268
r102,10,gurobi_reference,optimal,3,229.76853317906043,207.5948378983123,229.76853317906043,0.0,4247,0.3904814720153808
r102,10,lagrangian_relaxation,exact_subproblem,3,,207.5948378983123,228.3003773522992,,768,0.8090941905975342
r102,25,branch_and_bound,node_or_time_limit,7,inf,497.3701309495575,524.4202330581845,0.0,20000,55.48997616767883
r102,25,branch_and_cut,node_or_time_limit,7,inf,502.1173982738767,534.122282186396,0.0,20000,74.96169352531433
r102,50,branch_and_bound,node_or_time_limit,10,inf,730.230175406328,760.6009139136403,0.0,20000,172.49085426330566
r102,50,branch_and_cut,node_or_time_limit,10,inf,742.5494146995029,776.7723517184785,0.0,20000,242.8009786605835
r102,50,gurobi_reference,fleet_size_not_proven_optimal,10,923.7118435726984,628.0691816513315,923.7118435726984,0.0,267799,229.2043280601501
r102,50,lagrangian_relaxation,exact_subproblem,10,,628.0691816513315,810.0756766473914,,4792,440.2689652442932
r102,100,branch_and_bound,node_or_time_limit,17,inf,1164.9778410881029,1179.4908689962615,0.0,19434,600.3706514835358
r102,100,branch_and_cut,node_or_time_limit,17,inf,1176.7318444879895,1203.177232399406,0.0,14277,600.371689081192
r102,100,gurobi_reference,fleet_size_not_proven_optimal,17,1492.0548735560303,932.3811814211916,1385.0978926811508,0.0716843480561596,59711,600.8509936332703
r102,100,lagrangian_relaxation,heuristic_subproblem,17,,932.3811814211916,738.3959686641876,,621,600.0305771827698
r103,5,branch_and_bound,optimal,1,130.60198069901526,113.5034820527973,130.60198069901526,0.0,55,0.0787646770477294
r103,5,branch_and_cut,optimal,1,130.60198069901526,113.9956592690919,130.60198069901526,0.0,27,0.0476787090301513
r103,5,gurobi_reference,optimal,1,130.60198069901526,113.5034820527973,130.60198069901526,0.0,2,0.0143129825592041
r103,5,lagrangian_relaxation,exact_subproblem,1,,113.5034820527973,130.60198069901526,,67,0.0099005699157714
r103,10,branch_and_bound,optimal,3,229.76853317906043,207.626244175772,229.7473704901585,9.210438265447522e-05,1853,3.0651557445526123
r103,10,branch_and_cut,optimal,3,229.76853317906043,207.6402324438572,229.74631150409,9.67133082281097e-05,943,1.927664279937744
r103,10,gurobi_reference,optimal,3,229.76853317906043,207.5948378983123,229.76853317906043,0.0,4247,0.4025959968566894
r103,10,lagrangian_relaxation,exact_subproblem,3,,207.5948378983123,228.3003773522992,,768,0.8124794960021973
r103,50,branch_and_bound,node_or_time_limit,9,inf,606.2252003672504,624.7058753908221,0.0,20000,206.8196485042572
r103,50,branch_and_cut,node_or_time_limit,9,inf,613.2372141437578,634.069248092584,0.0,20000,256.2571575641632
r103,50,gurobi_reference,fleet_size_not_proven_optimal,8,786.5457552764335,549.5356094858171,753.0616722980426,0.0425710554710486,442272,601.1086201667786
r103,50,lagrangian_relaxation,heuristic_subproblem,9,,573.7868229226101,690.3404564249018,,2352,600.005802154541
r103,100,branch_and_bound,node_or_time_limit,18,inf,984.9552660619552,995.2612233044962,0.0,17483,600.3842716217041
r103,100,branch_and_cut,node_or_time_limit,18,inf,998.03773628661,1009.6243433610528,0.0,15406,600.3805720806122
r103,100,gurobi_reference,fleet_size_not_proven_optimal,18,1256.1046727603507,928.5873538746404,1141.8307819200377,0.0909748154898515,73792,601.5226149559021
r103,100,lagrangian_relaxation,heuristic_subproblem,18,,928.5873538746404,622.8595691179405,,424,600.0583117008209
r104,5,branch_and_bound,optimal,1,130.60198069901526,113.5034820527973,130.60198069901526,0.0,55,0.0770864486694336
r104,5,branch_and_cut,optimal,1,130.60198069901526,113.9956592690919,130.60198069901526,0.0,27,0.049870491027832
r104,5,gurobi_reference,optimal,1,130.60198069901526,113.5034820527973,130.60198069901526,0.0,2,0.014418601989746
r104,5,lagrangian_relaxation,exact_subproblem,1,,113.5034820527973,130.60198069901526,,67,0.0099430084228515
r104,10,branch_and_bound,optimal,2,198.2123054147609,184.92480924042675,198.20366593537284,4.358699814352404e-05,339,2.0272328853607178
r104,10,branch_and_cut,optimal,2,198.2123054147609,184.92480924042675,198.20238710568145,5.00388159998336e-05,303,2.0004642009735107
r104,10,gurobi_reference,optimal,2,198.212305414761,184.92480924042675,198.2123054147609,0.0,16493,1.6189842224121094
r104,10,lagrangian_relaxation,exact_subproblem,2,,184.92480924042675,198.2123049279013,,494,1.9371976852416992
r104,50,branch_and_bound,node_or_time_limit,8,inf,544.2251691257655,559.8481957524596,0.0,20000,173.58395218849182
r104,50,branch_and_cut,node_or_time_limit,8,inf,546.4721060943557,560.7088328635454,0.0,20000,269.460711479187
r104,50,gurobi_reference,fleet_size_not_proven_optimal,8,656.9098478563645,533.5813205714095,615.6264929321687,0.0628447800849874,288430,601.4689497947693
r104,50,lagrangian_relaxation,heuristic_subproblem,8,,533.5813205714095,558.1571794949157,,1050,600.0153212547302
r104,100,branch_and_bound,node_or_time_limit,16,inf,863.1565739333685,870.4293577447947,0.0,16172,600.3557929992676
r104,100,branch_and_cut,node_or_time_limit,16,inf,871.8345852324497,885.4239816894155,0.0,10289,600.387371301651
r104,100,gurobi_reference,fleet_size_not_proven_optimal,16,1083.3033312389111,851.5274470261751,933.87733207389,0.1379355115562428,63660,602.503565788269
r104,100,lagrangian_relaxation,heuristic_subproblem,20,,964.3153403913666,528.705099187858,,359,600.0411615371704
r105,5,branch_and_bound,optimal,2,141.84544319328486,141.84544319328486,141.84544319328486,0.0,1,0.0069921016693115
r105,5,branch_and_cut,optimal,2,141.84544319328486,141.84544319328486,141.84544319328486,0.0,1,0.0071892738342285
r105,5,gurobi_reference,optimal,2,141.84544319328484,133.74986016226993,141.84544319328484,0.0,0,0.0086491107940673
r105,5,lagrangian_relaxation,exact_subproblem,2,,133.74986016226993,141.8454423352444,,315,0.0189676284790039
r105,10,branch_and_bound,optimal,3,253.07149730807544,253.07149730807544,253.07149730807544,0.0,1,0.0157241821289062
r105,10,branch_and_cut,optimal,3,253.07149730807544,253.07149730807544,253.07149730807544,0.0,1,0.015409231185913
r105,10,gurobi_reference,optimal,3,253.07149730807544,210.9158546931513,253.07149730807544,0.0,2,0.0195693969726562
r105,10,lagrangian_relaxation,exact_subproblem,3,,210.9158546931513,253.0714969468624,,567,0.1476273536682129
r105,50,branch_and_bound,node_or_time_limit,8,inf,826.554632493416,869.9570557777138,0.0,20000,132.79998326301575
r105,50,branch_and_cut,node_or_time_limit,8,inf,836.6199560757602,896.9518425013337,0.0,20000,178.02223014831543
r105,50,gurobi_reference,optimal,8,983.4887555528755,547.65765459992,983.4887555528754,0.0,26240,24.334720373153687
r105,50,lagrangian_relaxation,exact_subproblem,8,,547.65765459992,863.2244723926772,,2674,122.32647681236269
r105,100,branch_and_bound,node_or_time_limit,15,inf,1213.9392588535964,1236.3839050308943,0.0,20000,455.56661224365234
r105,100,branch_and_cut,node_or_time_limit,15,inf,1226.6249414981692,1254.2146566799593,0.0,17614,600.3737449645996
r105,100,gurobi_reference,fleet_size_not_proven_optimal,15,1360.783198336453,841.0989752130832,1360.783198336453,0.0,26572,160.58926057815552
r105,100,lagrangian_relaxation,heuristic_subproblem,15,,841.0989752130832,1061.6398901534635,,1919,600.0089535713196
r106,5,branch_and_bound,optimal,1,119.48476341828696,113.37497262503312,119.48476341828696,0.0,9,0.0191736221313476
r106,5,branch_and_cut,optimal,1,119.48476341828696,113.37497262503312,119.48476341828696,0.0,5,0.0153770446777343
r106,5,gurobi_reference,optimal,1,119.48476341828696,113.37497262503312,119.48476341828696,0.0,2,0.0142145156860351
r106,5,lagrangian_relaxation,exact_subproblem,1,,113.37497262503312,119.48476341828696,,62,0.0100238323211669
r106,10,branch_and_bound,optimal,2,229.3869797140084,184.5376345153682,229.3643225564824,9.877263981698669e-05,18023,25.976593017578125
r106,10,branch_and_cut,optimal,2,229.3869797140084,184.5376345153682,229.3648359581165,9.653449345467608e-05,7841,12.43918752670288
r106,10,gurobi_reference,optimal,2,229.3869797140084,184.53763451536813,229.3869797140084,0.0,241,0.2228634357452392
r106,10,lagrangian_relaxation,exact_subproblem,2,,184.53763451536813,229.3869793405652,,687,1.0755908489227295
r106,50,branch_and_bound,node_or_time_limit,7,inf,613.3913088246741,641.0537192510654,0.0,20000,185.7226688861847
r106,50,branch_and_cut,node_or_time_limit,7,inf,628.4435707142188,657.105183460691,0.0,20000,282.2695734500885
r106,50,gurobi_reference,fleet_size_not_proven_optimal,8,795.2533710417922,542.577384382352,795.253371041792,0.0,122412,176.50575852394104
r106,50,lagrangian_relaxation,heuristic_subproblem,8,,542.577384382352,731.7318177301706,,3427,600.0068557262421
r106,100,branch_and_bound,node_or_time_limit,16,inf,1023.60916743089,1036.0809535108428,0.0,16782,600.3790144920349
r106,100,branch_and_cut,node_or_time_limit,16,inf,1041.0653235971884,1062.2553655873337,0.0,12427,600.356287240982
r106,100,gurobi_reference,fleet_size_not_proven_optimal,16,1278.0311026870877,862.3324863993391,1176.2830798366056,0.0796131038098797,70955,600.9840261936188
r106,100,lagrangian_relaxation,heuristic_subproblem,16,,862.3324863993391,640.7726623418254,,474,600.0625479221344
r107,5,branch_and_bound,optimal,1,119.48476341828696,113.37497262503312,119.48476341828696,0.0,9,0.0190870761871337
r107,5,branch_and_cut,optimal,1,119.48476341828696,113.37497262503312,119.48476341828696,0.0,5,0.0159263610839843
r107,5,gurobi_reference,optimal,1,119.48476341828696,113.37497262503312,119.48476341828696,0.0,2,0.0148766040802001
r107,5,lagrangian_relaxation,exact_subproblem,1,,113.37497262503312,119.48476341828696,,62,0.0101270675659179
r107,10,branch_and_bound,optimal,2,229.3869797140084,184.5376345153682,229.3643225564824,9.877263981698669e-05,18023,26.834779262542725
r107,10,branch_and_cut,optimal,2,229.3869797140084,184.5376345153682,229.3648359581165,9.653449345467608e-05,7841,12.428377389907835
r107,10,gurobi_reference,optimal,2,229.3869797140084,184.53763451536813,229.3869797140084,0.0,241,0.2278380393981933
r107,10,lagrangian_relaxation,exact_subproblem,2,,184.53763451536813,229.3869793405652,,687,1.0653982162475586
r107,50,branch_and_bound,node_or_time_limit,8,inf,564.2596789829147,583.0090602189711,0.0,20000,211.9984560012817
r107,50,branch_and_cut,node_or_time_limit,8,inf,575.9830107981294,595.7432707193389,0.0,20000,282.9548935890198
r107,50,gurobi_reference,fleet_size_not_proven_optimal,8,719.1210075460143,535.9089032389174,687.5941489138762,0.0438408255374472,380944,601.2147624492645
r107,50,lagrangian_relaxation,heuristic_subproblem,8,,535.9089032389174,625.3808750538766,,1847,600.0063219070435
r107,100,branch_and_bound,node_or_time_limit,17,inf,933.023315212348,943.2429472306036,0.0,16350,600.3839344978333
r107,100,branch_and_cut,node_or_time_limit,17,inf,944.3419538506488,959.296820399583,0.0,12086,600.4083888530731
r107,100,gurobi_reference,fleet_size_not_proven_optimal,17,1161.241505354113,882.7542766566731,1021.448771715554,0.1203821366994029,64870,601.7281649112701
r107,100,lagrangian_relaxation,heuristic_subproblem,18,,910.7496161619508,562.9162097367259,,376,600.052570104599
r108,5,branch_and_bound,optimal,1,119.48476341828696,113.37497262503312,119.48476341828696,0.0,9,0.0264639854431152
r108,5,branch_and_cut,optimal,1,119.48476341828696,113.37497262503312,119.48476341828696,0.0,5,0.0157749652862548
r108,5,gurobi_reference,optimal,1,119.48476341828696,113.37497262503312,119.48476341828696,0.0,2,0.0144894123077392
r108,5,lagrangian_relaxation,exact_subproblem,1,,113.37497262503312,119.48476341828696,,62,0.0099964141845703
r108,10,branch_and_bound,optimal,2,198.2123054147609,184.5376345153682,198.2119473097217,1.806674103690396e-06,435,2.374117612838745
r108,10,branch_and_cut,optimal,2,198.2123054147609,184.5376345153682,198.2123054147609,0.0,393,2.43353533744812
r108,10,gurobi_reference,optimal,2,198.212305414761,184.53763451536813,198.2123054147609,0.0,16980,1.852787733078003
r108,10,lagrangian_relaxation,exact_subproblem,2,,184.53763451536813,197.7817165637979,,780,2.5817360877990723
r108,50,branch_and_bound,node_or_time_limit,9,inf,559.9376766592408,576.5024178176126,0.0,20000,175.29473185539246
r108,50,branch_and_cut,node_or_time_limit,9,inf,565.8606163876273,579.5543134709671,0.0,20000,267.81944608688354
r108,50,gurobi_reference,fleet_size_not_proven_optimal,9,663.4182223025016,556.5774207609545,638.0264868655049,0.038274100082555,319555,601.3787295818329
r108,50,lagrangian_relaxation,heuristic_subproblem,9,,556.5774207609545,541.4519358488432,,1023,600.0155515670776
r108,100,branch_and_bound,node_or_time_limit,16,inf,859.1628705232616,865.2996722695998,0.0,20000,475.6069767475128
r108,100,branch_and_cut,node_or_time_limit,16,inf,864.3424020200016,880.1098441308552,0.0,10944,600.4582152366638
r108,100,gurobi_reference,fleet_size_not_proven_optimal,16,1057.4198414136129,848.604705513822,913.1922712156172,0.1363957479795203,66111,601.5439033508301
r108,100,lagrangian_relaxation,heuristic_subproblem,18,,903.8392600551662,491.824521934756,,314,600.0685877799988
r109,5,branch_and_bound,optimal,1,150.6412542347822,147.74564541758662,150.6412542347822,0.0,3,0.0104122161865234
r109,5,branch_and_cut,optimal,1,150.6412542347822,147.74564541758662,150.6412542347822,0.0,3,0.0106763839721679
r109,5,gurobi_reference,optimal,1,150.6412542347822,114.22423450055318,150.6412542347822,0.0,2,0.011354923248291
r109,5,lagrangian_relaxation,exact_subproblem,1,,114.22423450055318,150.6412542347822,,84,0.0104644298553466
r109,10,branch_and_bound,optimal,2,251.3536119016766,215.3317014041995,251.33277667181576,8.289210448659203e-05,443,0.6685681343078613
r109,10,branch_and_cut,optimal,2,251.3536119016766,220.27658926480777,251.3536119016766,0.0,163,0.2943885326385498
r109,10,gurobi_reference,optimal,2,251.35361190167657,186.6001894337072,251.35361190167657,0.0,2,0.0474374294281005
r109,10,lagrangian_relaxation,exact_subproblem,2,,186.6001894337072,242.05273606432704,,920,0.6506288051605225
r109,50,branch_and_bound,node_or_time_limit,8,inf,629.1351459065162,646.7681297633857,0.0,20000,232.6672270298004
r109,50,branch_and_cut,node_or_time_limit,8,inf,636.1466897661567,657.1599441424509,0.0,20000,240.9773089885712
r109,50,gurobi_reference,fleet_size_not_proven_optimal,8,791.3494928645393,536.376047878552,791.3494928645393,0.0,293620,361.8864748477936
r109,50,lagrangian_relaxation,exact_subproblem,9,,560.2626393290261,727.1108522609094,,2204,252.9207653999329
r109,100,branch_and_bound,node_or_time_limit,15,inf,925.8803672548548,940.8132315864704,0.0,17214,600.4251580238342
r109,100,branch_and_cut,node_or_time_limit,15,inf,939.2399716834354,957.1921535402712,0.0,15230,600.3587944507599
r109,100,gurobi_reference,fleet_size_not_proven_optimal,16,1210.7342152216993,854.0514466785003,1079.8556885290595,0.1080984786315586,65444,602.2503452301025
r109,100,lagrangian_relaxation,heuristic_subproblem,17,,881.2170263361678,802.5190428921737,,890,600.018782377243
r110,5,branch_and_bound,optimal,1,119.48476341828696,119.48476341828696,119.48476341828696,0.0,1,0.0070331096649169
r110,5,branch_and_cut,optimal,1,119.48476341828696,119.48476341828696,119.48476341828696,0.0,1,0.0072336196899414
r110,5,gurobi_reference,optimal,1,119.48476341828696,114.3674778745318,119.48476341828696,0.0,2,0.0108580589294433
r110,5,lagrangian_relaxation,exact_subproblem,1,,114.3674778745318,119.48476341828696,,62,0.0082628726959228
r110,10,branch_and_bound,optimal,2,213.74654862637647,190.0211212968308,213.74654862637647,0.0,523,0.8688232898712158
r110,10,branch_and_cut,optimal,2,213.74654862637647,191.3212712952736,213.74654862637647,0.0,221,0.495037317276001
r110,10,gurobi_reference,optimal,2,213.7465486263765,185.96565352645723,213.74654862637647,0.0,33,0.1214809417724609
r110,10,lagrangian_relaxation,exact_subproblem,2,,185.96565352645723,213.74654793937592,,445,0.3531322479248047
r110,50,branch_and_bound,node_or_time_limit,9,inf,582.4528790199209,598.4986693117177,0.0,20000,177.94397950172424
r110,50,branch_and_cut,node_or_time_limit,9,inf,587.8149007706324,606.347654062282,0.0,20000,267.3321969509125
r110,50,gurobi_reference,fleet_size_not_proven_optimal,8,717.8787803504201,533.888284984202,665.4838030882584,0.0729858281039955,302830,601.3803672790527
r110,50,lagrangian_relaxation,exact_subproblem,9,,557.6558874055477,649.664186734711,,1823,428.48257541656494
r110,100,branch_and_bound,node_or_time_limit,17,inf,903.2307423570356,910.7871028356126,0.0,20000,570.1187121868134
r110,100,branch_and_cut,node_or_time_limit,17,inf,907.986593631348,919.1354405785648,0.0,11984,600.3596448898315
r110,100,gurobi_reference,fleet_size_not_proven_optimal,16,1151.2831000627054,850.3097782492359,959.3110760065132,0.1667461496184007,60222,602.8929378986359
r110,100,lagrangian_relaxation,heuristic_subproblem,19,,933.9584077761313,661.7755481785489,,547,600.0135402679443
r111,5,branch_and_bound,optimal,1,119.48476341828696,113.66113266731948,119.48476341828696,0.0,9,0.018423318862915
r111,5,branch_and_cut,optimal,1,119.48476341828696,113.66113266731948,119.48476341828696,0.0,5,0.0147402286529541
r111,5,gurobi_reference,optimal,1,119.48476341828696,113.66113266731948,119.48476341828696,0.0,2,0.0135204792022705
r111,5,lagrangian_relaxation,exact_subproblem,1,,113.66113266731948,119.48476341828696,,62,0.0090246200561523
r111,10,branch_and_bound,optimal,2,223.3288983681576,185.2687519010668,223.3073650482327,9.64197651188668e-05,8929,12.944218635559082
r111,10,branch_and_cut,optimal,2,223.3288983681576,185.2687519010668,223.30679843873227,9.89568729654759e-05,4519,7.347322940826416
r111,10,gurobi_reference,optimal,2,223.3288983681576,185.22179143050857,223.3288983681576,0.0,658,0.2671165466308594
r111,10,lagrangian_relaxation,exact_subproblem,2,,185.22179143050857,223.32889749383943,,1823,2.5983896255493164
r111,100,branch_and_bound,node_or_time_limit,18,inf,940.4726481632756,951.2108292106876,0.0,12897,600.3853349685669
r111,100,branch_and_cut,node_or_time_limit,18,inf,954.4247739846636,968.9223286071996,0.0,10931,600.3950002193451
r111,100,gurobi_reference,fleet_size_not_proven_optimal,17,1158.208810058341,880.0870384968619,1015.543227477607,0.1231777735946833,58055,601.8457880020142
r111,100,lagrangian_relaxation,heuristic_subproblem,18,,908.0661936732172,576.9451868870414,,378,600.0677983760834
r112,5,branch_and_bound,optimal,1,119.48476341828696,113.59558587853653,119.48476341828696,0.0,13,0.0240631103515625
r112,5,branch_and_cut,optimal,1,119.48476341828696,113.59558587853653,119.48476341828696,0.0,13,0.0236144065856933
r112,5,gurobi_reference,optimal,1,119.48476341828696,113.59558587853653,119.48476341828696,0.0,2,0.0118539333343505
r112,5,lagrangian_relaxation,exact_subproblem,1,,113.59558587853653,119.48476341828696,,62,0.0086255073547363
r112,10,branch_and_bound,optimal,2,198.2123054147609,184.3457067942758,198.2123054147609,0.0,343,1.711676836013794
r112,10,branch_and_cut,optimal,2,198.2123054147609,184.3457067942758,198.2123054147609,0.0,377,1.8501718044281008
r112,10,gurobi_reference,optimal,2,198.212305414761,184.3457067942758,198.212305414761,0.0,5585,1.26981782913208
r112,10,lagrangian_relaxation,exact_subproblem,2,,184.3457067942758,197.77306101570224,,654,1.8649370670318604
r112,100,branch_and_bound,node_or_time_limit,16,inf,848.4087102621318,858.4613807273071,0.0,19029,600.3708231449127
r112,100,branch_and_cut,node_or_time_limit,16,inf,851.95073090845,861.6858398397644,0.0,8819,600.3748152256012
r112,100,gurobi_reference,fleet_size_not_proven_optimal,17,1078.1980807560367,875.8579844175068,921.8306335372135,0.1450266421446212,64697,601.4073140621185
r112,100,lagrangian_relaxation,heuristic_subproblem,21,,992.7787330759896,499.8404989975489,,291,600.1279118061066
r201,5,branch_and_bound,optimal,1,150.6412542347822,143.94728374962745,150.6412542347822,0.0,3,0.0104422569274902
r201,5,branch_and_cut,optimal,1,150.6412542347822,143.94728374962745,150.6412542347822,0.0,3,0.0105595588684082
r201,5,gurobi_reference,optimal,1,150.6412542347822,116.0490850456504,150.6412542347822,0.0,2,0.010728120803833
r201,5,lagrangian_relaxation,exact_subproblem,1,,116.0490850456504,150.6412542347822,,84,0.0098726749420166
r201,10,branch_and_bound,optimal,1,253.86523777658687,253.86523777658687,253.86523777658687,0.0,1,0.0161914825439453
r201,10,branch_and_cut,optimal,1,253.86523777658687,253.86523777658687,253.86523777658687,0.0,1,0.0171341896057128
r201,10,gurobi_reference,optimal,1,253.86523777658687,168.84968153273135,253.86523777658687,0.0,1,0.0202445983886718
r201,10,lagrangian_relaxation,exact_subproblem,1,,168.84968153273135,253.86523777658687,,136,0.0558443069458007
r201,50,branch_and_bound,node_or_time_limit,3,inf,719.9468849187626,756.7154738275091,0.0,20000,169.34245681762695
r201,50,branch_and_cut,node_or_time_limit,3,inf,741.0824559095123,783.1017698301233,0.0,20000,228.65367150306705
r201,50,gurobi_reference,fleet_size_not_proven_optimal,3,863.9568447179516,455.4735844295656,863.9568447179516,0.0,124182,124.64850425720216
r201,50,lagrangian_relaxation,heuristic_subproblem,3,,455.4735844295656,829.2479286091763,,1555,600.0091006755829
r201,100,branch_and_bound,node_or_time_limit,5,inf,1001.6140485408588,1019.6942733142928,0.0,16945,600.3515799045563
r201,100,branch_and_cut,node_or_time_limit,5,inf,1018.4338533403812,1034.3206104986734,0.0,16213,600.3545291423798
r201,100,gurobi_reference,fleet_size_not_proven_optimal,5,1184.3649230989697,647.5904567610938,1184.3649230989697,0.0,115678,386.9684855937958
r201,100,lagrangian_relaxation,heuristic_subproblem,6,,661.7758600985073,886.0062133848298,,805,600.0275700092316
r202,5,branch_and_bound,optimal,1,119.48476341828696,111.41483516784398,119.48476341828696,0.0,21,0.0331320762634277
r202,5,branch_and_cut,optimal,1,119.48476341828696,111.41483516784398,119.48476341828696,0.0,21,0.0356309413909912
r202,5,gurobi_reference,optimal,1,119.48476341828696,111.41483516784398,119.48476341828696,0.0,2,0.0130732059478759
r202,5,lagrangian_relaxation,exact_subproblem,1,,111.41483516784398,119.48476341828696,,62,0.0092227458953857
r202,10,branch_and_bound,node_or_time_limit,1,232.14604448021217,163.43910320763513,216.56586281257424,0.0671137072463277,20000,28.616294145584103
r202,10,branch_and_cut,node_or_time_limit,1,226.29256774427927,163.43910320763513,223.32008101028333,0.0131355915204209,20000,30.93011784553528
r202,10,gurobi_reference,optimal,1,226.29256774427927,163.43910320763516,226.29256774427927,0.0,1348,0.1622309684753418
r202,10,lagrangian_relaxation,exact_subproblem,1,,163.43910320763516,223.89874677301867,,151,1.1888771057128906
r202,50,branch_and_bound,node_or_time_limit,3,inf,526.1648003193754,550.572084718116,0.0,20000,224.3880834579468
r202,50,branch_and_cut,node_or_time_limit,3,inf,539.3936070393361,569.3124195999756,0.0,20000,262.74075293540955
r202,50,gurobi_reference,fleet_size_not_proven_optimal,3,743.3786757042723,447.5212363203608,674.2577894159896,0.0929820676155366,550180,601.6224546432495
r202,50,lagrangian_relaxation,heuristic_subproblem,3,,447.5212363203608,649.0821165407784,,778,600.0091273784637
r202,100,branch_and_bound,node_or_time_limit,5,inf,764.77964203331,782.1604261946078,0.0,16247,600.3602499961853
r202,100,branch_and_cut,node_or_time_limit,5,inf,782.820604223498,802.3438912191627,0.0,13970,600.3895244598389
r202,100,gurobi_reference,fleet_size_not_proven_optimal,5,1120.002071027248,640.2384425616418,889.376704380259,0.2059151251706733,64497,601.4810154438019
r202,100,lagrangian_relaxation,heuristic_subproblem,7,,671.0319803850084,386.03389830508513,,200,600.1009984016418
r203,5,branch_and_bound,optimal,1,119.48476341828696,111.41483516784398,119.48476341828696,0.0,21,0.0330135822296142
r203,5,branch_and_cut,optimal,1,119.48476341828696,111.41483516784398,119.48476341828696,0.0,21,0.0341739654541015
r203,5,gurobi_reference,optimal,1,119.48476341828696,111.41483516784398,119.48476341828696,0.0,2,0.013195514678955
r203,5,lagrangian_relaxation,exact_subproblem,1,,111.41483516784398,119.48476341828696,,62,0.0091238021850585
r203,10,branch_and_bound,node_or_time_limit,1,232.14604448021217,163.43910320763513,216.56586281257424,0.0671137072463277,20000,28.8203444480896
r203,10,branch_and_cut,node_or_time_limit,1,226.29256774427927,163.43910320763513,223.32008101028333,0.0131355915204209,20000,30.85491132736206
r203,10,gurobi_reference,optimal,1,226.29256774427927,163.43910320763516,226.29256774427927,0.0,1348,0.1477208137512207
r203,10,lagrangian_relaxation,exact_subproblem,1,,163.43910320763516,223.89874677301867,,151,1.1869878768920898
r203,50,branch_and_bound,node_or_time_limit,3,inf,469.8369227390157,485.0172982600468,0.0,20000,184.98472714424133
r203,50,branch_and_cut,node_or_time_limit,3,inf,475.5862499151851,495.2494685476034,0.0,20000,248.5529637336731
r203,50,gurobi_reference,fleet_size_not_proven_optimal,3,619.9040626044957,438.096197146664,546.7619474169462,0.1179894109424716,395078,601.3308699131012
r203,50,lagrangian_relaxation,heuristic_subproblem,3,,438.096197146664,540.1384195651019,,504,600.0344579219818
r203,100,branch_and_bound,node_or_time_limit,7,inf,695.8998985158705,706.4837714978823,0.0,13564,600.4073989391327
r203,100,branch_and_cut,node_or_time_limit,7,inf,708.0147768828523,716.2084543962848,0.0,10874,600.3506951332092
r203,100,gurobi_reference,fleet_size_not_proven_optimal,7,900.0926010191077,662.7662400662941,778.2193226960114,0.1354008222988482,65522,607.2676920890808
r203,100,lagrangian_relaxation,heuristic_subproblem,8,,678.9877566956293,369.9689119170988,,189,600.2826037406921
r204,5,branch_and_bound,optimal,1,119.48476341828696,111.41483516784398,119.48476341828696,0.0,21,0.032977819442749
r204,5,branch_and_cut,optimal,1,119.48476341828696,111.41483516784398,119.48476341828696,0.0,21,0.0340428352355957
r204,5,gurobi_reference,optimal,1,119.48476341828696,111.41483516784398,119.48476341828696,0.0,2,0.0128674507141113
r204,5,lagrangian_relaxation,exact_subproblem,1,,111.41483516784398,119.48476341828696,,62,0.0088965892791748
r204,10,branch_and_bound,optimal,1,182.0458814136303,163.43910320763513,182.0458814136303,0.0,651,0.9646034240722656
r204,10,branch_and_cut,optimal,1,182.0458814136303,163.43910320763513,182.0349915540584,5.981931306170297e-05,545,0.8659594058990479
r204,10,gurobi_reference,optimal,1,182.0458814136303,163.43910320763513,182.0458814136303,0.0,2,0.0601465702056884
r204,10,lagrangian_relaxation,exact_subproblem,1,,163.43910320763513,181.3667609929881,,100,0.0737292766571044
r204,50,branch_and_bound,node_or_time_limit,3,inf,442.4558453259111,453.3145312444629,0.0,20000,281.2623586654663
r204,50,branch_and_cut,node_or_time_limit,3,inf,445.0994627360368,454.2651675341727,0.0,20000,238.31157875061035
r204,50,gurobi_reference,fleet_size_not_proven_optimal,3,520.6297216981089,433.9907101516114,492.0662139210716,0.0548633829122804,395495,601.5922889709473
r204,50,lagrangian_relaxation,heuristic_subproblem,3,,433.9907101516114,459.50922394993495,,365,600.0718021392822
r204,100,branch_and_bound,node_or_time_limit,6,inf,643.339639688511,650.7204479021452,0.0,13950,600.3579156398773
r204,100,branch_and_cut,node_or_time_limit,6,inf,645.0784137362738,653.5912047390951,0.0,12674,600.4210317134857
r204,100,gurobi_reference,fleet_size_not_proven_optimal,6,785.6333633505111,636.941860294626,696.931540371039,0.1129048575549072,64757,606.4408221244812
r204,100,lagrangian_relaxation,heuristic_subproblem,7,,653.0544796946442,344.0000000000003,,174,600.3529868125916
r205,5,branch_and_bound,optimal,1,119.48476341828696,119.48476341828696,119.48476341828696,0.0,1,0.0085976123809814
r205,5,branch_and_cut,optimal,1,119.48476341828696,119.48476341828696,119.48476341828696,0.0,1,0.0100922584533691
r205,5,gurobi_reference,optimal,1,119.48476341828696,114.05579810190356,119.48476341828696,0.0,2,0.0129718780517578
r205,5,lagrangian_relaxation,exact_subproblem,1,,114.05579810190356,119.48476341828696,,62,0.0106258392333984
r205,10,branch_and_bound,optimal,1,209.81454951926725,195.5686204416796,209.81454951926725,0.0,53,0.0963320732116699
r205,10,branch_and_cut,optimal,1,209.81454951926725,195.5686204416796,209.81454951926725,0.0,35,0.0754780769348144
r205,10,gurobi_reference,optimal,1,209.81454951926727,165.58956551551023,209.81454951926727,0.0,2,0.0307967662811279
r205,10,lagrangian_relaxation,exact_subproblem,1,,165.58956551551023,209.81454951926725,,113,0.0594556331634521
r205,50,branch_and_bound,node_or_time_limit,3,inf,554.7549785653357,576.0106727486054,0.0,20000,185.3697326183319
r205,50,branch_and_cut,node_or_time_limit,3,inf,565.2253837911658,589.8729743949663,0.0,20000,253.4651515483856
r205,50,gurobi_reference,fleet_size_not_proven_optimal,3,705.6410997686845,441.57054698511087,705.6410997686845,0.0,373086,408.3231148719788
r205,50,lagrangian_relaxation,heuristic_subproblem,3,,441.57054698511087,673.1514078443921,,1383,600.0091841220856
r205,100,branch_and_bound,node_or_time_limit,6,inf,784.5140708878118,794.5866575592282,0.0,17598,600.3653054237366
r205,100,branch_and_cut,node_or_time_limit,6,inf,801.952425026888,811.1870450681439,0.0,15110,600.3731229305267
r205,100,gurobi_reference,fleet_size_not_proven_optimal,6,978.1756431384096,644.3164300923605,899.4162776878627,0.0805165882048063,66055,600.9526913166046
r205,100,lagrangian_relaxation,heuristic_subproblem,6,,644.3164300923605,707.0458670478906,,512,600.0301530361176
r206,5,branch_and_bound,optimal,1,119.48476341828696,111.37620855457531,119.48476341828696,0.0,21,0.0326530933380126
r206,5,branch_and_cut,optimal,1,119.48476341828696,111.37620855457531,119.48476341828696,0.0,21,0.0334656238555908
r206,5,gurobi_reference,optimal,1,119.48476341828696,111.37620855457531,119.48476341828696,0.0,2,0.0131561756134033
r206,5,lagrangian_relaxation,exact_subproblem,1,,111.37620855457531,119.48476341828696,,62,0.0088553428649902
r206,10,branch_and_bound,optimal,1,173.0420108211733,163.37716004104223,173.0357227069109,3.6338656910986447e-05,119,0.1903791427612304
r206,10,branch_and_cut,optimal,1,173.0420108211733,163.37716004104223,173.0420108211733,0.0,83,0.1505420207977295
r206,10,gurobi_reference,optimal,1,173.0420108211733,163.37716004104223,173.0420108211733,0.0,2,0.0254061222076416
r206,10,lagrangian_relaxation,exact_subproblem,1,,163.37716004104223,173.0420108211733,,88,0.0429372787475585
r206,50,branch_and_bound,node_or_time_limit,3,inf,476.0801428010024,496.8412699320596,0.0,20000,246.32068061828613
r206,50,branch_and_cut,node_or_time_limit,3,inf,490.6840891301576,513.1554993809947,0.0,20000,263.8396215438843
r206,50,gurobi_reference,fleet_size_not_proven_optimal,3,642.0162071557489,439.1999523867109,596.665568256876,0.0706378412155429,384689,601.7451424598694
r206,50,lagrangian_relaxation,heuristic_subproblem,3,,439.1999523867109,565.7878702923803,,520,600.0466256141663
r206,100,branch_and_bound,node_or_time_limit,6,inf,699.1391626751488,709.0864556881672,0.0,15894,600.36461186409
r206,100,branch_and_cut,node_or_time_limit,6,inf,712.0879413854594,724.8260812857463,0.0,13380,600.3720180988312
r206,100,gurobi_reference,fleet_size_not_proven_optimal,6,934.5157745567116,642.8612145705309,798.9924373068369,0.145019849787084,63467,602.7831511497498
r206,100,lagrangian_relaxation,heuristic_subproblem,7,,658.9738339705495,367.3770418982557,,187,600.1778993606567
r207,5,branch_and_bound,optimal,1,119.48476341828696,111.37620855457531,119.48476341828696,0.0,21,0.0340912342071533
r207,5,branch_and_cut,optimal,1,119.48476341828696,111.37620855457531,119.48476341828696,0.0,21,0.0353140830993652
r207,5,gurobi_reference,optimal,1,119.48476341828696,111.37620855457531,119.48476341828696,0.0,2,0.0129463672637939
r207,5,lagrangian_relaxation,exact_subproblem,1,,111.37620855457531,119.48476341828696,,62,0.0088245868682861
r207,10,branch_and_bound,optimal,1,173.0420108211733,163.37716004104223,173.0357227069109,3.6338656910986447e-05,119,0.1924855709075927
r207,10,branch_and_cut,optimal,1,173.0420108211733,163.37716004104223,173.0420108211733,0.0,83,0.1489434242248535
r207,10,gurobi_reference,optimal,1,173.0420108211733,163.37716004104223,173.0420108211733,0.0,2,0.0256733894348144
r207,10,lagrangian_relaxation,exact_subproblem,1,,163.37716004104223,173.0420108211733,,88,0.0431258678436279
r207,50,branch_and_bound,node_or_time_limit,3,inf,442.6347550878802,456.03333118540354,0.0,20000,222.8487703800201
r207,50,branch_and_cut,node_or_time_limit,3,inf,450.0188332206177,466.5679643634701,0.0,20000,239.17440485954285
r207,50,gurobi_reference,fleet_size_not_proven_optimal,3,585.6908588507055,434.97257390237536,531.27210003883,0.0929137923010456,334668,601.6365790367126
r207,50,lagrangian_relaxation,heuristic_subproblem,3,,434.97257390237536,499.75562005926975,,385,600.0545029640198
r207,100,branch_and_bound,node_or_time_limit,6,inf,658.8140962262977,669.0841564283274,0.0,14641,600.3619589805603
r207,100,branch_and_cut,node_or_time_limit,6,inf,668.5428404774001,677.2671942458503,0.0,12052,600.370304107666
r207,100,gurobi_reference,fleet_size_not_proven_optimal,6,845.6692080337017,639.1463692524817,738.2091904000418,0.1270709830898529,66657,603.3919856548309
r207,100,lagrangian_relaxation,heuristic_subproblem,6,,639.1463692524817,350.0000000000003,,177,600.5965991020203
r208,5,branch_and_bound,optimal,1,119.48476341828696,111.37620855457531,119.48476341828696,0.0,21,0.0329029560089111
r208,5,branch_and_cut,optimal,1,119.48476341828696,111.37620855457531,119.48476341828696,0.0,21,0.0342278480529785
r208,5,gurobi_reference,optimal,1,119.48476341828696,111.37620855457531,119.48476341828696,0.0,2,0.0136466026306152
r208,5,lagrangian_relaxation,exact_subproblem,1,,111.37620855457531,119.48476341828696,,62,0.008981704711914
r208,10,branch_and_bound,optimal,1,173.0420108211733,163.3771600410422,173.0420108211733,0.0,153,0.240457534790039
r208,10,branch_and_cut,optimal,1,173.0420108211733,163.3771600410422,173.0420108211733,0.0,111,0.1981165409088134
r208,10,gurobi_reference,optimal,1,173.0420108211733,163.3771600410422,173.0420108211733,0.0,2,0.0257985591888427
r208,10,lagrangian_relaxation,exact_subproblem,1,,163.3771600410422,173.0420108211733,,88,0.0441253185272216
r208,50,branch_and_bound,node_or_time_limit,2,inf,419.5366053335328,438.257452021156,0.0,20000,261.39664936065674
r208,50,branch_and_cut,node_or_time_limit,2,inf,419.6859071737959,438.2114234219333,0.0,20000,284.2543909549713
r208,50,gurobi_reference,fleet_size_not_proven_optimal,2,496.7386065536352,419.5366053335328,475.7223739593848,0.0423084340878206,605403,601.4195272922516
r208,50,lagrangian_relaxation,heuristic_subproblem,2,,419.5366053335328,456.1599999999989,,303,600.0824329853058
r208,100,branch_and_bound,node_or_time_limit,6,inf,635.8099693786419,642.0190893383151,0.0,13575,600.3585677146912
r208,100,branch_and_cut,node_or_time_limit,6,inf,637.5038843613812,642.383377745869,0.0,12178,600.4174976348877
r208,100,gurobi_reference,fleet_size_not_proven_optimal,6,734.289532541344,635.7718286581797,692.3055504374812,0.0571763320097428,41847,601.939204454422
r208,100,lagrangian_relaxation,heuristic_subproblem,6,,635.7718286581797,336.0000000000002,,170,600.3554108142853
r209,5,branch_and_bound,optimal,1,119.48476341828696,119.48476341828696,119.48476341828696,0.0,1,0.0070981979370117
r209,5,branch_and_cut,optimal,1,119.48476341828696,119.48476341828696,119.48476341828696,0.0,1,0.0073580741882324
r209,5,gurobi_reference,optimal,1,119.48476341828696,112.17121635198993,119.48476341828696,0.0,2,0.010277509689331
r209,5,lagrangian_relaxation,exact_subproblem,1,,112.17121635198993,119.48476341828696,,62,0.0078837871551513
r209,10,branch_and_bound,optimal,1,196.44100313827576,171.81713248731694,196.44100313827576,0.0,315,0.4764666557312011
r209,10,branch_and_cut,optimal,1,196.44100313827576,171.88026716981193,196.44100313827576,0.0,197,0.3567698001861572
r209,10,gurobi_reference,optimal,1,196.4410031382758,164.14541005286827,196.4410031382758,0.0,2,0.0429491996765136
r209,10,lagrangian_relaxation,exact_subproblem,1,,164.14541005286827,196.44100313827576,,113,0.0896346569061279
r209,50,branch_and_bound,node_or_time_limit,3,inf,500.9863029772069,515.4199233258252,0.0,20000,237.939061164856
r209,50,branch_and_cut,node_or_time_limit,3,inf,510.298921708805,528.8319022529937,0.0,20000,247.54207801818848
r209,50,gurobi_reference,fleet_size_not_proven_optimal,3,630.2131606860198,438.78198094801,593.0887942379134,0.0589076343751607,443974,601.6660597324371
r209,50,lagrangian_relaxation,heuristic_subproblem,3,,438.78198094801,593.6894642794998,,972,600.020555973053
r209,100,branch_and_bound,node_or_time_limit,7,inf,712.2997390762861,720.4718851359368,0.0,20000,447.240508556366
r209,100,branch_and_cut,node_or_time_limit,7,inf,726.9188352940597,737.946356022814,0.0,14092,600.3840115070343
r209,100,gurobi_reference,fleet_size_not_proven_optimal,7,901.640762415382,656.8371532668108,811.6226008154958,0.0998381676519803,60149,603.4137988090515
r209,100,lagrangian_relaxation,heuristic_subproblem,8,,673.1261949896261,548.1965271363647,,329,600.0651466846466
r210,5,branch_and_bound,optimal,1,119.48476341828696,111.44191905310907,119.48476341828696,0.0,13,0.0231735706329345
r210,5,branch_and_cut,optimal,1,119.48476341828696,111.44191905310907,119.48476341828696,0.0,13,0.0256168842315673
r210,5,gurobi_reference,optimal,1,119.48476341828696,111.44191905310907,119.48476341828696,0.0,2,0.011547565460205
r210,5,lagrangian_relaxation,exact_subproblem,1,,111.44191905310907,119.48476341828696,,62,0.0084669589996337
r210,10,branch_and_bound,optimal,1,202.0561506076412,163.54325098581396,202.03890883273064,8.533160143183606e-05,5579,8.091431617736816
r210,10,branch_and_cut,optimal,1,202.0561506076412,163.54325098581393,202.0410237294976,7.48647249689174e-05,3645,5.754369020462036
r210,10,gurobi_reference,optimal,1,202.0561506076412,163.54325098581396,202.05615060764111,0.0,2,0.0868468284606933
r210,10,lagrangian_relaxation,exact_subproblem,1,,163.54325098581396,201.3770301869989,,124,0.2597243785858154
r210,50,branch_and_bound,node_or_time_limit,3,inf,479.8389486550705,495.9447754418446,0.0,20000,231.2203221321106
r210,50,branch_and_cut,node_or_time_limit,3,inf,496.3018392456914,517.2490476077089,0.0,20000,255.4316449165344
r210,50,gurobi_reference,fleet_size_not_proven_optimal,3,660.5960212985482,436.4962779387209,602.6628877279989,0.0876982780741986,527750,601.9442653656006
r210,50,lagrangian_relaxation,heuristic_subproblem,3,,436.4962779387209,580.1226528112545,,583,600.0265560150146
r210,100,branch_and_bound,node_or_time_limit,7,inf,707.2888791669129,714.150898365978,0.0,18084,600.3797018527985
r210,100,branch_and_cut,node_or_time_limit,7,inf,718.3671590002,731.5732623336359,0.0,12633,600.3604786396027
r210,100,gurobi_reference,fleet_size_not_proven_optimal,7,926.6496320395268,657.7523386152737,818.0859376293062,0.1171572195752943,63256,601.6837916374207
r210,100,lagrangian_relaxation,heuristic_subproblem,8,,674.1061034227727,425.564766839378,,230,600.0932550430298
r211,5,branch_and_bound,optimal,1,119.48476341828696,111.48651476618632,119.48476341828696,0.0,9,0.0173349380493164
r211,5,branch_and_cut,optimal,1,119.48476341828696,111.48651476618632,119.48476341828696,0.0,9,0.0181560516357421
r211,5,gurobi_reference,optimal,1,119.48476341828696,111.48651476618632,119.48476341828696,0.0,2,0.0121724605560302
r211,5,lagrangian_relaxation,exact_subproblem,1,,111.48651476618632,119.48476341828696,,62,0.0089306831359863
r211,10,branch_and_bound,optimal,1,183.0391419843744,163.411020251316,183.0391419843744,0.0,535,0.8128037452697754
r211,10,branch_and_cut,optimal,1,183.0391419843744,163.411020251316,183.0391419843744,0.0,541,0.8695557117462158
r211,10,gurobi_reference,optimal,1,183.0391419843744,163.411020251316,183.0391419843744,0.0,2,0.0521440505981445
r211,10,lagrangian_relaxation,exact_subproblem,1,,163.411020251316,183.0391419843744,,95,0.0581429004669189
r211,50,branch_and_bound,node_or_time_limit,3,inf,434.24479987888793,446.0600587171208,0.0,20000,251.89210319519043
r211,50,branch_and_cut,node_or_time_limit,3,inf,434.24479987888793,446.2644951299637,0.0,20000,252.7161123752594
r211,50,gurobi_reference,fleet_size_not_proven_optimal,3,555.8891781159444,434.2447998788878,493.9672275793098,0.1113926174035345,226545,601.2610688209534
r211,50,lagrangian_relaxation,heuristic_subproblem,3,,434.2447998788878,496.47913641609057,,363,600.0556793212891
r211,100,branch_and_bound,node_or_time_limit,7,inf,652.3610974911453,657.5062902982826,0.0,15951,600.3596887588501
r211,100,branch_and_cut,node_or_time_limit,7,inf,652.3610974911453,657.3218190494941,0.0,13930,600.3721807003021
r211,100,gurobi_reference,fleet_size_not_proven_optimal,7,870.4322307730503,652.3610974911451,705.212652402962,0.1898132588947827,66488,604.7531182765961
r211,100,lagrangian_relaxation,heuristic_subproblem,8,,668.8775416040155,375.4038826918652,,192,600.2884793281555
rc101,5,branch_and_bound,optimal,1,89.13046319518966,89.13046319518966,89.13046319518966,0.0,1,0.0078158378601074
rc101,5,branch_and_cut,optimal,1,89.13046319518966,89.13046319518966,89.13046319518966,0.0,1,0.0080142021179199
rc101,5,gurobi_reference,optimal,1,89.13046319518966,78.62765526108532,89.13046319518966,0.0,2,0.010413646697998
rc101,5,lagrangian_relaxation,exact_subproblem,1,,78.62765526108532,89.13046319518966,,46,0.0116770267486572
rc101,10,branch_and_bound,optimal,2,185.9078765087572,173.1252113542156,185.9078765087572,0.0,15,0.0351178646087646
rc101,10,branch_and_cut,optimal,2,185.9078765087572,173.12521135421562,185.9078765087572,0.0,13,0.0387215614318847
rc101,10,gurobi_reference,optimal,2,185.9078765087572,159.33484269596724,185.9078765087572,0.0,2,0.0214757919311523
rc101,10,lagrangian_relaxation,exact_subproblem,2,,159.33484269596724,185.90787560756127,,401,0.9209086894989014
rc101,50,branch_and_bound,node_or_time_limit,8,inf,792.9261037378931,818.876754952606,0.0,20000,135.15217471122742
rc101,50,branch_and_cut,node_or_time_limit,8,inf,799.0013277679617,833.551917111294,0.0,20000,181.48127937316892
rc101,50,gurobi_reference,optimal,8,945.5767879891808,660.7272381334791,945.5767879641252,2.6497762907679458e-11,86795,57.10766243934631
rc101,100,branch_and_bound,node_or_time_limit,16,inf,1305.372095916761,1347.4131742068712,0.0,20000,428.2736864089966
rc101,100,branch_and_cut,node_or_time_limit,16,inf,1336.9783915916369,1378.675022640583,0.0,19487,600.3700392246246
rc101,100,gurobi_reference,fleet_size_not_proven_optimal,15,1623.5849077415594,832.0053619057287,1613.489742826548,0.0062178238211476,194470,601.1183152198792
rc101,100,lagrangian_relaxation,heuristic_subproblem,16,,859.5572929793084,1265.9009649868713,,1993,600.0114390850067
rc102,5,branch_and_bound,optimal,1,84.26987393795277,77.88937145051813,84.26987393795277,0.0,63,0.089076280593872
rc102,5,branch_and_cut,optimal,1,84.26987393795277,77.88937145051813,84.26987393795277,0.0,63,0.0932679176330566
rc102,5,gurobi_reference,optimal,1,84.26987393795277,77.88937145051813,84.26987393795277,0.0,2,0.014357566833496
rc102,5,lagrangian_relaxation,exact_subproblem,1,,77.88937145051813,84.26987393795277,,44,0.0186245441436767
rc102,10,branch_and_bound,optimal,2,169.68323125071748,161.1643238012518,169.6782476295484,2.937014537238028e-05,777,1.171062707901001
rc102,10,branch_and_cut,optimal,2,169.68323125071748,161.64599947636484,169.6773290850551,3.478343510342377e-05,521,0.8410670757293701
rc102,10,gurobi_reference,optimal,2,169.68323125071748,158.65422839612236,169.68323125071748,0.0,2,0.0531494617462158
rc102,10,lagrangian_relaxation,exact_subproblem,2,,158.65422839612236,169.68323070610597,,403,8.220386505126953
rc102,100,branch_and_bound,node_or_time_limit,15,inf,956.2391580935824,981.7971334386868,0.0,20000,596.9777755737305
rc102,100,branch_and_cut,node_or_time_limit,15,inf,978.859869031334,1009.2567750149212,0.0,14098,600.3672642707825
rc102,100,gurobi_reference,fleet_size_not_proven_optimal,15,1511.9282623964127,828.9801071041359,1228.813472159412,0.1872541160043285,65264,601.0279788970947
rc102,100,lagrangian_relaxation,heuristic_subproblem,16,,856.5910469710493,997.7700013197745,,912,600.0323612689972
rc103,5,branch_and_bound,optimal,1,84.26987393795277,77.88937145051813,84.26987393795277,0.0,63,0.0906696319580078
rc103,5,branch_and_cut,optimal,1,84.26987393795277,77.88937145051813,84.26987393795277,0.0,63,0.0936412811279296
rc103,5,gurobi_reference,optimal,1,84.26987393795277,77.88937145051813,84.26987393795277,0.0,2,0.0149085521697998
rc103,5,lagrangian_relaxation,exact_subproblem,1,,77.88937145051813,84.26987393795277,,44,0.0186645984649658
rc103,10,branch_and_bound,optimal,2,169.68323125071748,161.1643238012518,169.6782476295484,2.937014537238028e-05,777,1.156273365020752
rc103,10,branch_and_cut,optimal,2,169.68323125071748,161.64599947636484,169.6773290850551,3.478343510342377e-05,521,0.84651780128479
rc103,10,gurobi_reference,optimal,2,169.68323125071748,158.65422839612236,169.68323125071748,0.0,2,0.0647854804992675
rc103,10,lagrangian_relaxation,exact_subproblem,2,,158.65422839612236,169.68323070610597,,403,8.261518955230713
rc103,100,branch_and_bound,node_or_time_limit,17,inf,907.1003529449184,926.920886613998,0.0,20000,334.3842420578003
rc103,100,branch_and_cut,node_or_time_limit,17,inf,933.191300396012,952.9595088224028,0.0,13162,600.3580520153046
rc103,100,gurobi_reference,fleet_size_not_proven_optimal,17,1412.2301415298712,877.0481021458487,1045.672190969965,0.2595596424268451,59576,601.5110771656036
rc103,100,lagrangian_relaxation,heuristic_subproblem,18,,906.2607847605324,851.5227044342197,,600,600.0185289382935
rc104,5,branch_and_bound,optimal,1,84.26987393795277,77.88937145051813,84.26987393795277,0.0,63,0.0886552333831787
rc104,5,branch_and_cut,optimal,1,84.26987393795277,77.88937145051813,84.26987393795277,0.0,63,0.0930113792419433
rc104,5,gurobi_reference,optimal,1,84.26987393795277,77.88937145051813,84.26987393795277,0.0,2,0.014286994934082
rc104,5,lagrangian_relaxation,exact_subproblem,1,,77.88937145051813,84.26987393795277,,44,0.0185794830322265
rc104,10,branch_and_bound,optimal,2,166.0485053949989,160.30420936832604,166.0485053949989,0.0,305,0.4546196460723877
rc104,10,branch_and_cut,optimal,2,166.0485053949989,160.30420936832604,166.0485053949989,0.0,293,0.4751744270324707
rc104,10,gurobi_reference,optimal,2,166.04850539499893,158.6542283961224,166.0485053949989,0.0,2,0.0653109550476074
rc104,10,lagrangian_relaxation,exact_subproblem,2,,158.6542283961224,166.04850456534746,,404,11.729038715362549
rc104,100,branch_and_bound,node_or_time_limit,18,inf,910.2681295799696,927.6624994314502,0.0,20000,336.7863500118256
rc104,100,branch_and_cut,node_or_time_limit,18,inf,919.3697373881494,943.021967260764,0.0,13482,600.360595703125
rc104,100,gurobi_reference,fleet_size_not_proven_optimal,18,1310.2124443707296,903.6147810959726,1008.5742240756256,0.2302208482228049,54703,602.8337180614471
rc104,100,lagrangian_relaxation,heuristic_subproblem,21,,999.0209312651294,726.5484185095678,,393,600.0336802005768
rc105,5,branch_and_bound,optimal,1,87.30166286504917,78.86881877561733,87.30166286504917,0.0,51,0.0744774341583252
rc105,5,branch_and_cut,optimal,1,87.30166286504917,78.86881877561733,87.30166286504917,0.0,39,0.0647456645965576
rc105,5,gurobi_reference,optimal,1,87.30166286504917,77.89824481932988,87.30166286504917,0.0,2,0.0134742259979248
rc105,5,lagrangian_relaxation,exact_subproblem,1,,77.89824481932988,87.30166286504917,,45,0.0157661437988281
rc105,10,branch_and_bound,optimal,2,179.30555124171457,162.42568765720003,179.2964319914244,5.085871701686263e-05,2665,3.853137969970703
rc105,10,branch_and_cut,optimal,2,179.30555124171457,162.6762368988007,179.29138727984744,7.899343756531248e-05,1849,2.945503234863281
rc105,10,gurobi_reference,optimal,2,179.30555124171454,159.72456041166964,179.30555124171454,0.0,83,0.1209774017333984
rc105,10,lagrangian_relaxation,exact_subproblem,2,,159.72456041166964,179.30555089439895,,409,4.665207386016846
rc105,100,branch_and_bound,node_or_time_limit,16,inf,1087.963707598498,1108.3030172461797,0.0,20000,363.2322227954865
rc105,100,branch_and_cut,node_or_time_limit,16,inf,1114.730011533909,1139.6720099354573,0.0,17163,600.3784294128418
rc105,100,gurobi_reference,fleet_size_not_proven_optimal,16,1586.2838724974888,859.1055792679489,1362.8056766369937,0.1408815910790576,76718,601.0500066280365
rc105,100,lagrangian_relaxation,heuristic_subproblem,16,,859.1055792679489,1059.2716372605666,,1088,600.0314755439758
rc106,5,branch_and_bound,optimal,1,89.13046319518966,88.3148794485398,89.13046319518966,0.0,3,0.0094411373138427
rc106,5,branch_and_cut,optimal,1,89.13046319518966,88.3148794485398,89.13046319518966,0.0,3,0.0097808837890625
rc106,5,gurobi_reference,optimal,1,89.13046319518966,78.04734063288494,89.13046319518966,0.0,2,0.010934829711914
rc106,5,lagrangian_relaxation,exact_subproblem,1,,78.04734063288494,89.13046319518966,,46,0.0115540027618408
rc106,10,branch_and_bound,optimal,2,178.08794184831896,167.29167946840596,178.08794184831896,0.0,679,0.9844245910644532
rc106,10,branch_and_cut,optimal,2,178.08794184831896,167.29167946840596,178.08794184831896,0.0,427,0.7121572494506836
rc106,10,gurobi_reference,optimal,2,178.08794184831896,158.65086354072437,178.08794184831896,0.0,2,0.0526890754699707
rc106,10,lagrangian_relaxation,exact_subproblem,2,,158.65086354072437,178.0879411316556,,408,1.7973136901855469
rc106,100,branch_and_bound,node_or_time_limit,15,inf,936.9568736455936,955.0523940358466,0.0,20000,543.4647362232208
rc106,100,branch_and_cut,node_or_time_limit,15,inf,955.5129866256888,981.9776394690404,0.0,13410,600.3960568904877
rc106,100,gurobi_reference,fleet_size_not_proven_optimal,15,1420.839920087466,820.2266720711372,1147.5705304076273,0.1923294706296092,70411,601.0934653282166
rc106,100,lagrangian_relaxation,heuristic_subproblem,16,,847.8745930815868,1014.4629274394592,,973,600.0138218402863
rc107,5,branch_and_bound,optimal,1,84.26987393795277,77.9571389845675,84.26987393795277,0.0,29,0.0442266464233398
rc107,5,branch_and_cut,optimal,1,84.26987393795277,78.01822389071282,84.26987393795277,0.0,7,0.0206890106201171
rc107,5,gurobi_reference,optimal,1,84.26987393795277,77.9571389845675,84.26987393795277,0.0,2,0.0122237205505371
rc107,5,lagrangian_relaxation,exact_subproblem,1,,77.9571389845675,84.26987393795278,,44,0.0145728588104248
rc107,10,branch_and_bound,optimal,2,168.16728824405018,158.79912818456071,168.1549304010546,7.34854151756913e-05,401,0.5929474830627441
rc107,10,branch_and_cut,optimal,2,168.16728824405018,160.20232584223007,168.16728824405018,0.0,108,0.2245557308197021
rc107,10,gurobi_reference,optimal,2,168.16728824405018,158.4026219421084,168.16728824405018,0.0,2,0.0468306541442871
rc107,10,lagrangian_relaxation,exact_subproblem,2,,158.4026219421084,168.16728821999305,,421,4.644932985305786
rc107,100,branch_and_bound,node_or_time_limit,17,inf,894.6572885838326,904.2352191010872,0.0,20000,348.4425985813141
rc107,100,branch_and_cut,node_or_time_limit,17,inf,902.1493690413872,933.1182227703304,0.0,12584,600.3729612827301
rc107,100,gurobi_reference,fleet_size_not_proven_optimal,16,1333.362681570942,844.8637682797732,979.8893771649784,0.2650991431599902,60007,602.2986390590668
rc107,100,lagrangian_relaxation,heuristic_subproblem,18,,903.5065380693168,840.0954790858999,,521,600.0703032016754
rc108,5,branch_and_bound,optimal,1,84.26987393795277,77.87945415596381,84.26987393795277,0.0,57,0.0806176662445068
rc108,5,branch_and_cut,optimal,1,84.26987393795277,77.87945415596381,84.26987393795277,0.0,57,0.0840420722961425
rc108,5,gurobi_reference,optimal,1,84.26987393795277,77.87945415596381,84.26987393795277,0.0,2,0.013796329498291
rc108,5,lagrangian_relaxation,exact_subproblem,1,,77.87945415596381,84.26987393795278,,44,0.0193054676055908
rc108,10,branch_and_bound,optimal,2,166.0485053949989,158.3882601303731,166.0381327680836,6.246745124630798e-05,577,0.8511066436767578
rc108,10,branch_and_cut,optimal,2,166.0485053949989,158.3882601303731,166.0381327680836,6.246745124630798e-05,577,0.8927459716796875
rc108,10,gurobi_reference,optimal,2,166.04850539499893,158.38826013037317,166.0485053949989,0.0,2,0.0689842700958252
rc108,10,lagrangian_relaxation,exact_subproblem,2,,158.38826013037317,166.04850508024114,,401,9.901790618896484
rc108,100,branch_and_bound,node_or_time_limit,18,inf,902.3892159235784,909.4008520633248,0.0,20000,389.6965053081513
rc108,100,branch_and_cut,node_or_time_limit,18,inf,925.2531335895968,941.1211123039304,0.0,11833,600.3525547981262
rc108,100,gurobi_reference,fleet_size_not_proven_optimal,17,1257.3201019610226,872.4392763607867,946.3891567133584,0.2472965673281689,61281,602.882161617279
rc108,100,lagrangian_relaxation,heuristic_subproblem,21,,997.7966243305782,730.4627400708298,,392,600.1045289039612
rc201,5,branch_and_bound,optimal,1,89.13046319518966,89.13046319518966,89.13046319518966,0.0,1,0.012918472290039
rc201,5,branch_and_cut,optimal,1,89.13046319518966,89.13046319518966,89.13046319518966,0.0,1,0.0095734596252441
rc201,5,gurobi_reference,optimal,1,89.13046319518966,78.88324696325553,89.13046319518966,0.0,2,0.0109920501708984
rc201,5,lagrangian_relaxation,exact_subproblem,1,,78.88324696325553,89.13046319518966,,46,0.0111782550811767
rc201,10,branch_and_bound,optimal,1,194.56621120457748,146.7631281824534,194.56621120457748,0.0,41,0.0660064220428466
rc201,10,branch_and_cut,optimal,1,194.56621120457748,149.04423511763792,194.56621120457748,0.0,23,0.0620820522308349
rc201,10,gurobi_reference,optimal,1,194.56621120457748,99.4635678848257,194.56621120457748,0.0,2,0.0201106071472167
rc201,10,lagrangian_relaxation,exact_subproblem,1,,99.4635678848257,194.56621120457748,,109,0.2228667736053466
rc201,100,branch_and_bound,node_or_time_limit,6,inf,984.4894275232548,1005.062238453742,0.0,20000,398.4137783050537
rc201,100,branch_and_cut,node_or_time_limit,6,inf,1018.600074345492,1053.727591336757,0.0,17610,600.3769781589508
rc201,100,gurobi_reference,fleet_size_not_proven_optimal,6,1282.896478310211,626.8123534320368,1282.8964783102108,0.0,30500,248.8745322227478
rc201,100,lagrangian_relaxation,heuristic_subproblem,6,,626.8123534320368,1068.7559548963186,,901,600.0272371768951
rc202,5,branch_and_bound,optimal,1,84.26987393795277,77.67404500949124,84.26987393795277,0.0,91,0.1228928565979003
rc202,5,branch_and_cut,optimal,1,84.26987393795277,77.67404500949124,84.26987393795277,0.0,91,0.1275496482849121
rc202,5,gurobi_reference,optimal,1,84.26987393795277,77.67404500949124,84.26987393795277,0.0,2,0.0177869796752929
rc202,5,lagrangian_relaxation,exact_subproblem,1,,77.67404500949124,84.26987393795277,,44,0.0181574821472167
rc202,10,branch_and_bound,node_or_time_limit,1,inf,102.89162833849942,138.89383027852352,0.0,20000,29.22882318496704
rc202,10,branch_and_cut,node_or_time_limit,1,194.9847618296737,104.08449497724789,141.36659961027271,0.2749864231248923,20000,31.849133014678955
rc202,10,gurobi_reference,optimal,1,179.90792258348552,98.99521190607476,179.90792258348552,0.0,14522,0.4225318431854248
rc202,10,lagrangian_relaxation,exact_subproblem,1,,98.99521190607476,179.4771875982468,,118,3.0392348766326904
rc202,100,branch_and_bound,node_or_time_limit,7,inf,734.5871391212922,750.1543097944093,0.0,20000,561.5942702293396
rc202,100,branch_and_cut,node_or_time_limit,7,inf,754.262765011328,782.4779857268037,0.0,15832,600.3801960945129
rc202,100,gurobi_reference,fleet_size_not_proven_optimal,6,1149.698653675926,618.512526398601,897.3853977857879,0.2194603386578023,64586,601.2802503108978
rc202,100,lagrangian_relaxation,heuristic_subproblem,8,,658.0457640309594,790.6150350412831,,460,600.0103907585144
rc203,5,branch_and_bound,optimal,1,84.26987393795277,77.67404500949124,84.26987393795277,0.0,91,0.1232581138610839
rc203,5,branch_and_cut,optimal,1,84.26987393795277,77.67404500949124,84.26987393795277,0.0,91,0.1275503635406494
rc203,5,gurobi_reference,optimal,1,84.26987393795277,77.67404500949124,84.26987393795277,0.0,2,0.0150408744812011
rc203,5,lagrangian_relaxation,exact_subproblem,1,,77.67404500949124,84.26987393795277,,44,0.0185194015502929
rc203,10,branch_and_bound,node_or_time_limit,1,inf,102.89162833849942,138.89383027852352,0.0,20000,29.25086998939514
rc203,10,branch_and_cut,node_or_time_limit,1,194.9847618296737,104.08449497724789,141.36659961027271,0.2749864231248923,20000,31.860304832458496
rc203,10,gurobi_reference,optimal,1,179.90792258348552,98.99521190607476,179.90792258348552,0.0,14522,0.4280571937561035
rc203,10,lagrangian_relaxation,exact_subproblem,1,,98.99521190607476,179.4771875982468,,118,3.011176586151123
rc203,100,branch_and_bound,node_or_time_limit,6,inf,634.437433198401,648.4071506302639,0.0,20000,466.10276103019714
rc203,100,branch_and_cut,node_or_time_limit,6,inf,644.1764050133335,660.256087507471,0.0,18171,600.3628098964691
rc203,100,gurobi_reference,fleet_size_not_proven_optimal,6,1007.6254985371532,603.7960006088849,739.5354573396882,0.266061191967325,65513,605.0134496688843
rc203,100,lagrangian_relaxation,heuristic_subproblem,8,,643.3775491517682,645.9024390243852,,327,600.2326281070709
rc204,5,branch_and_bound,optimal,1,84.26987393795277,77.67404500949124,84.26987393795277,0.0,91,0.1247584819793701
rc204,5,branch_and_cut,optimal,1,84.26987393795277,77.67404500949124,84.26987393795277,0.0,91,0.1259176731109619
rc204,5,gurobi_reference,optimal,1,84.26987393795277,77.67404500949124,84.26987393795277,0.0,2,0.0158233642578125
rc204,5,lagrangian_relaxation,exact_subproblem,1,,77.67404500949124,84.26987393795277,,44,0.0188033580780029
rc204,10,branch_and_bound,node_or_time_limit,1,137.7768098368935,100.2142765486084,120.15600556375612,0.1278938327429536,20000,28.781402111053467
rc204,10,branch_and_cut,node_or_time_limit,1,138.2295027541884,100.2142765486084,120.58800777748216,0.1276246721951814,20000,31.222283124923703
rc204,10,gurobi_reference,optimal,1,137.7768098368935,98.74366919740488,137.7768098368935,0.0,3802,0.310805082321167
rc204,10,lagrangian_relaxation,exact_subproblem,1,,98.74366919740488,137.7768098368935,,70,0.728992223739624
rc204,100,branch_and_bound,node_or_time_limit,7,inf,626.8538269432048,639.8297580039774,0.0,20000,478.6478199958801
rc204,100,branch_and_cut,node_or_time_limit,7,inf,630.1717338888878,640.6096410520896,0.0,19242,600.3991074562073
rc204,100,gurobi_reference,fleet_size_not_proven_optimal,6,867.1684115773683,600.8545472165798,685.46168687883,0.2095402949099771,55411,605.8167600631714
rc204,100,lagrangian_relaxation,heuristic_subproblem,7,,620.6326301354073,563.9999999999968,,284,600.2221050262451
rc205,5,branch_and_bound,optimal,1,87.30166286504917,78.83466869699605,87.30166286504917,0.0,51,0.0700569152832031
rc205,5,branch_and_cut,optimal,1,87.30166286504917,78.83466869699605,87.30166286504917,0.0,45,0.0748662948608398
rc205,5,gurobi_reference,optimal,1,87.30166286504917,77.86699109609371,87.30166286504917,0.0,2,0.0123753547668457
rc205,5,lagrangian_relaxation,exact_subproblem,1,,77.86699109609371,87.30166286504917,,45,0.0153100490570068
rc205,10,branch_and_bound,node_or_time_limit,1,238.0817198773265,105.55760621375909,178.12162106819858,0.2518467139771289,20000,31.797111749649048
rc205,10,branch_and_cut,node_or_time_limit,1,230.137477844193,105.55760621375909,187.44478044087592,0.1855095389209956,20000,33.01001453399658
rc205,10,gurobi_reference,optimal,1,225.97748939988188,100.14617555272991,225.97748939988188,0.0,8863,0.3515534400939941
rc205,10,lagrangian_relaxation,exact_subproblem,1,,100.14617555272991,215.0754005556348,,149,3.5413804054260254
rc205,100,branch_and_bound,node_or_time_limit,6,inf,817.7584718435572,837.1998625509709,0.0,20000,464.6532657146454
rc205,100,branch_and_cut,node_or_time_limit,6,inf,847.0511534335454,868.6797537510181,0.0,17082,600.3704285621643
rc205,100,gurobi_reference,fleet_size_not_proven_optimal,6,inf,618.0308816123778,985.7195574044156,inf,98068,601.4257156848907
rc205,100,lagrangian_relaxation,heuristic_subproblem,8,,657.3592303777131,832.2625857887742,,570,600.0120856761932
rc206,5,branch_and_bound,optimal,1,89.13046319518966,88.12059925828792,89.13046319518966,0.0,3,0.010749340057373
rc206,5,branch_and_cut,optimal,1,89.13046319518966,88.12059925828792,89.13046319518966,0.0,3,0.0103974342346191
rc206,5,gurobi_reference,optimal,1,89.13046319518966,78.05258254757835,89.13046319518966,0.0,2,0.0113534927368164
rc206,5,lagrangian_relaxation,exact_subproblem,1,,78.05258254757835,89.13046319518966,,46,0.0128610134124755
rc206,10,branch_and_bound,optimal,1,186.071640752208,111.66192498000696,186.058466411129,7.080252007103137e-05,16203,25.16699242591858
rc206,10,branch_and_cut,optimal,1,186.071640752208,111.74295747152614,186.0664477629544,2.7908547657583445e-05,8383,12.647822618484495
rc206,10,gurobi_reference,optimal,1,186.071640752208,98.08155748767494,186.071640752208,0.0,91,0.0799739360809326
rc206,10,lagrangian_relaxation,exact_subproblem,1,,98.08155748767494,186.071640752208,,115,0.7151751518249512
rc206,100,branch_and_bound,node_or_time_limit,7,inf,790.451039143392,801.8383277839098,0.0,20000,385.8272171020508
rc206,100,branch_and_cut,node_or_time_limit,7,inf,812.0379845563831,829.7205233872045,0.0,17514,600.3783860206604
rc206,100,gurobi_reference,fleet_size_not_proven_optimal,7,1087.215766516929,627.8090746703193,961.6003527006654,0.1155386241488135,61288,601.0961241722107
rc206,100,lagrangian_relaxation,heuristic_subproblem,8,,647.5997998016549,808.0571552880648,,536,600.0623986721039
rc207,5,branch_and_bound,optimal,1,89.13046319518966,89.13046319518966,89.13046319518966,0.0,1,0.0067279338836669
rc207,5,branch_and_cut,optimal,1,89.13046319518966,89.13046319518966,89.13046319518966,0.0,1,0.0069437026977539
rc207,5,gurobi_reference,optimal,1,89.13046319518966,77.7295643292217,89.13046319518966,0.0,1,0.009326696395874
rc207,5,lagrangian_relaxation,exact_subproblem,1,,77.7295643292217,89.13046319518966,,46,0.0106298923492431
rc207,10,branch_and_bound,node_or_time_limit,1,181.4506021526236,103.0005311884929,142.25820640604914,0.2159948508388443,20000,28.78611445426941
rc207,10,branch_and_cut,node_or_time_limit,1,182.67922878042623,106.77248288939973,152.9110197228871,0.1629534417036512,20000,31.14432430267334
rc207,10,gurobi_reference,optimal,1,179.2982141797304,97.96045491180143,179.2982141797304,0.0,955,0.1000032424926757
rc207,10,lagrangian_relaxation,exact_subproblem,1,,97.96045491180143,179.2982141797304,,114,1.2944636344909668
rc207,100,branch_and_bound,node_or_time_limit,7,inf,679.7730796846436,687.5512859155311,0.0,20000,342.3710744380951
rc207,100,branch_and_cut,node_or_time_limit,7,inf,702.2914202901393,712.4008948670323,0.0,17140,600.3918952941895
rc207,100,gurobi_reference,fleet_size_not_proven_optimal,7,1034.1648957133182,621.8670715920939,808.8519888642677,0.2178694208080233,64978,601.4607307910919
rc207,100,lagrangian_relaxation,heuristic_subproblem,8,,641.6577967234293,684.9968624421605,,355,600.2047145366669
rc208,5,branch_and_bound,optimal,1,84.26987393795277,77.67400989235936,84.26987393795277,0.0,77,0.1105108261108398
rc208,5,branch_and_cut,optimal,1,84.26987393795277,77.67400989235936,84.26987393795277,0.0,77,0.1107833385467529
rc208,5,gurobi_reference,optimal,1,84.26987393795277,77.67400989235936,84.26987393795277,0.0,2,0.0152783393859863
rc208,5,lagrangian_relaxation,exact_subproblem,1,,77.67400989235936,84.26987393795277,,44,0.0220484733581542
rc208,10,branch_and_bound,node_or_time_limit,1,139.37455164430273,97.89111088800688,118.22706664907608,0.1517313221512422,20000,29.115339040756226
rc208,10,branch_and_cut,node_or_time_limit,1,139.37455164430273,97.89111088800688,118.22706664907608,0.1517313221512422,20000,31.45509076118469
rc208,10,gurobi_reference,optimal,1,137.7768098368935,97.89111088800688,137.7768098368935,0.0,10624,0.2740848064422607
rc208,10,lagrangian_relaxation,exact_subproblem,1,,97.89111088800688,137.7768098368935,,70,1.444439172744751
rc208,100,branch_and_bound,node_or_time_limit,9,inf,659.840804939487,662.401274418315,0.0,20000,329.1549198627472
rc208,100,branch_and_cut,node_or_time_limit,9,inf,659.840804939487,662.401274418315,0.0,20000,548.8384916782379
rc208,100,gurobi_reference,fleet_size_not_proven_optimal,9,878.0968909645447,659.8408049394868,729.3456514207066,0.1694018519760871,64920,607.8406400680542
rc208,100,lagrangian_relaxation,heuristic_subproblem,11,,705.4098340286106,527.9999999999975,,266,600.2348458766937
